classification	source_slug	branch	head	worktree	source_path	sha256	bytes	snapshot_path	disposition	destination
new_content_new_path	69ed	codex/continue-handoff-session	2fde14b37f24e6e5abda55f92faa9e7e8e847918	/data/CoordExp/.codex/worktrees/69ed/CoordExp	research/ideas/qwen3-vl-painted-gt-transcription-probe/experiments/2026-07-10-pvci-endogenous-boundary-state-synthesis/unit.md	f86dc3eeeb293cec66fb2b745d89519d045a30c9cd4cf47339510ef1f53c6456	19228	docs/history/worktree-cleanup/2026-07-12-pvci-research-worktree-recycle/snapshots/69ed/research/ideas/qwen3-vl-painted-gt-transcription-probe/experiments/2026-07-10-pvci-endogenous-boundary-state-synthesis/unit.md	promoted_live_research	research/ideas/qwen3-vl-painted-gt-transcription-probe/experiments/2026-07-10-pvci-endogenous-boundary-state-synthesis/unit.md
new_content_new_path	69ed	codex/continue-handoff-session	2fde14b37f24e6e5abda55f92faa9e7e8e847918	/data/CoordExp/.codex/worktrees/69ed/CoordExp	research/ideas/qwen3-vl-painted-gt-transcription-probe/experiments/2026-07-10-pvci-native-commit-to-uncovered-redistribution/unit.md	b8125abe3d5b7ea88d0287656a16ea171be0be2048fe38a273458e5e0038fb4e	27853	docs/history/worktree-cleanup/2026-07-12-pvci-research-worktree-recycle/snapshots/69ed/research/ideas/qwen3-vl-painted-gt-transcription-probe/experiments/2026-07-10-pvci-native-commit-to-uncovered-redistribution/unit.md	promoted_live_research	research/ideas/qwen3-vl-painted-gt-transcription-probe/experiments/2026-07-10-pvci-native-commit-to-uncovered-redistribution/unit.md
new_content_new_path	69ed	codex/continue-handoff-session	2fde14b37f24e6e5abda55f92faa9e7e8e847918	/data/CoordExp/.codex/worktrees/69ed/CoordExp	research/ideas/qwen3-vl-painted-gt-transcription-probe/experiments/2026-07-10-pvci-sequential-control-variable-causal-schedule/unit.md	31af8535ccf13613a5fe40bfa75ca8b95cce73c6f67a730706e72eff54cf374c	16984	docs/history/worktree-cleanup/2026-07-12-pvci-research-worktree-recycle/snapshots/69ed/research/ideas/qwen3-vl-painted-gt-transcription-probe/experiments/2026-07-10-pvci-sequential-control-variable-causal-schedule/unit.md	promoted_live_research	research/ideas/qwen3-vl-painted-gt-transcription-probe/experiments/2026-07-10-pvci-sequential-control-variable-causal-schedule/unit.md
new_content_new_path	69ed	codex/continue-handoff-session	2fde14b37f24e6e5abda55f92faa9e7e8e847918	/data/CoordExp/.codex/worktrees/69ed/CoordExp	research/ideas/qwen3-vl-painted-gt-transcription-probe/experiments/2026-07-11-pvci-causal-proposal-bridge/heldout-representation-results-2026-07-12.md	3eff35f38e6a735c18b04b1194d222b6ab3faf5ac47bd897283ca53491022978	5071	docs/history/worktree-cleanup/2026-07-12-pvci-research-worktree-recycle/snapshots/69ed/research/ideas/qwen3-vl-painted-gt-transcription-probe/experiments/2026-07-11-pvci-causal-proposal-bridge/heldout-representation-results-2026-07-12.md	promoted_live_research	research/ideas/qwen3-vl-painted-gt-transcription-probe/experiments/2026-07-11-pvci-causal-proposal-bridge/heldout-representation-results-2026-07-12.md
new_content_new_path	69ed	codex/continue-handoff-session	2fde14b37f24e6e5abda55f92faa9e7e8e847918	/data/CoordExp/.codex/worktrees/69ed/CoordExp	research/ideas/qwen3-vl-painted-gt-transcription-probe/experiments/2026-07-11-pvci-causal-proposal-bridge/implementation-plan.md	3a12e10552cfe5f9b5c7a2ab76e347e74910a17e285da9e08f467f69e07d8c99	12311	docs/history/worktree-cleanup/2026-07-12-pvci-research-worktree-recycle/snapshots/69ed/research/ideas/qwen3-vl-painted-gt-transcription-probe/experiments/2026-07-11-pvci-causal-proposal-bridge/implementation-plan.md	promoted_live_research	research/ideas/qwen3-vl-painted-gt-transcription-probe/experiments/2026-07-11-pvci-causal-proposal-bridge/implementation-plan.md
new_content_new_path	69ed	codex/continue-handoff-session	2fde14b37f24e6e5abda55f92faa9e7e8e847918	/data/CoordExp/.codex/worktrees/69ed/CoordExp	research/ideas/qwen3-vl-painted-gt-transcription-probe/experiments/2026-07-11-pvci-causal-proposal-bridge/own-prefix-behavior-evaluator-contract.md	579d8fa5e909968a95e2d14676b042911c8d1ce4c8ec9e56c434ff3336740940	5832	docs/history/worktree-cleanup/2026-07-12-pvci-research-worktree-recycle/snapshots/69ed/research/ideas/qwen3-vl-painted-gt-transcription-probe/experiments/2026-07-11-pvci-causal-proposal-bridge/own-prefix-behavior-evaluator-contract.md	promoted_live_research	research/ideas/qwen3-vl-painted-gt-transcription-probe/experiments/2026-07-11-pvci-causal-proposal-bridge/own-prefix-behavior-evaluator-contract.md
new_content_new_path	69ed	codex/continue-handoff-session	2fde14b37f24e6e5abda55f92faa9e7e8e847918	/data/CoordExp/.codex/worktrees/69ed/CoordExp	research/ideas/qwen3-vl-painted-gt-transcription-probe/experiments/2026-07-11-pvci-causal-proposal-bridge/own-prefix-causal-behavior-results-2026-07-12.md	30f8a34269adfb130c3cd932549665a5f899f5af043d9d7a522caff8b780c925	21013	docs/history/worktree-cleanup/2026-07-12-pvci-research-worktree-recycle/snapshots/69ed/research/ideas/qwen3-vl-painted-gt-transcription-probe/experiments/2026-07-11-pvci-causal-proposal-bridge/own-prefix-causal-behavior-results-2026-07-12.md	promoted_live_research	research/ideas/qwen3-vl-painted-gt-transcription-probe/experiments/2026-07-11-pvci-causal-proposal-bridge/own-prefix-causal-behavior-results-2026-07-12.md
new_content_new_path	69ed	codex/continue-handoff-session	2fde14b37f24e6e5abda55f92faa9e7e8e847918	/data/CoordExp/.codex/worktrees/69ed/CoordExp	research/ideas/qwen3-vl-painted-gt-transcription-probe/experiments/2026-07-11-pvci-causal-proposal-bridge/representation-readiness-audit-2026-07-11.md	6c30c7e76381d3fb897d6ba9b63ad7ee29fbc6f175bf315e4ceeb28c000967d9	12302	docs/history/worktree-cleanup/2026-07-12-pvci-research-worktree-recycle/snapshots/69ed/research/ideas/qwen3-vl-painted-gt-transcription-probe/experiments/2026-07-11-pvci-causal-proposal-bridge/representation-readiness-audit-2026-07-11.md	promoted_live_research	research/ideas/qwen3-vl-painted-gt-transcription-probe/experiments/2026-07-11-pvci-causal-proposal-bridge/representation-readiness-audit-2026-07-11.md
new_content_new_path	69ed	codex/continue-handoff-session	2fde14b37f24e6e5abda55f92faa9e7e8e847918	/data/CoordExp/.codex/worktrees/69ed/CoordExp	research/ideas/qwen3-vl-painted-gt-transcription-probe/experiments/2026-07-11-pvci-causal-proposal-bridge/unit.md	f124b6086f9fb331db96dbb406d561475b3ba2962423e0ba24203810fd1c1bda	79604	docs/history/worktree-cleanup/2026-07-12-pvci-research-worktree-recycle/snapshots/69ed/research/ideas/qwen3-vl-painted-gt-transcription-probe/experiments/2026-07-11-pvci-causal-proposal-bridge/unit.md	promoted_live_research	research/ideas/qwen3-vl-painted-gt-transcription-probe/experiments/2026-07-11-pvci-causal-proposal-bridge/unit.md
new_content_new_path	69ed	codex/continue-handoff-session	2fde14b37f24e6e5abda55f92faa9e7e8e847918	/data/CoordExp/.codex/worktrees/69ed/CoordExp	research/ideas/qwen3-vl-painted-gt-transcription-probe/experiments/2026-07-11-pvci-causal-proposal-bridge/vf6-results-2026-07-11.md	d872c2b8e3dc2e8904da82d4dacd0e7e03aa7938532e7c859da3cb65ab111d0c	6408	docs/history/worktree-cleanup/2026-07-12-pvci-research-worktree-recycle/snapshots/69ed/research/ideas/qwen3-vl-painted-gt-transcription-probe/experiments/2026-07-11-pvci-causal-proposal-bridge/vf6-results-2026-07-11.md	promoted_live_research	research/ideas/qwen3-vl-painted-gt-transcription-probe/experiments/2026-07-11-pvci-causal-proposal-bridge/vf6-results-2026-07-11.md
new_content_new_path	69ed	codex/continue-handoff-session	2fde14b37f24e6e5abda55f92faa9e7e8e847918	/data/CoordExp/.codex/worktrees/69ed/CoordExp	research/ideas/qwen3-vl-painted-gt-transcription-probe/experiments/2026-07-11-pvci-commit-field-source-swap/unit.md	258a070c4952a7a72d5135d34da7098ad2c12909fc38e47619d05b7c6890b4a2	14260	docs/history/worktree-cleanup/2026-07-12-pvci-research-worktree-recycle/snapshots/69ed/research/ideas/qwen3-vl-painted-gt-transcription-probe/experiments/2026-07-11-pvci-commit-field-source-swap/unit.md	promoted_live_research	research/ideas/qwen3-vl-painted-gt-transcription-probe/experiments/2026-07-11-pvci-commit-field-source-swap/unit.md
new_content_new_path	69ed	codex/continue-handoff-session	2fde14b37f24e6e5abda55f92faa9e7e8e847918	/data/CoordExp/.codex/worktrees/69ed/CoordExp	research/ideas/qwen3-vl-painted-gt-transcription-probe/experiments/2026-07-11-pvci-endogenous-commit-write-read-bridge/unit.md	b5fbf68c1f9bee37ab2238fecf7749f57caac24fe75ee374ff288a742c589df6	17100	docs/history/worktree-cleanup/2026-07-12-pvci-research-worktree-recycle/snapshots/69ed/research/ideas/qwen3-vl-painted-gt-transcription-probe/experiments/2026-07-11-pvci-endogenous-commit-write-read-bridge/unit.md	promoted_live_research	research/ideas/qwen3-vl-painted-gt-transcription-probe/experiments/2026-07-11-pvci-endogenous-commit-write-read-bridge/unit.md
new_content_new_path	69ed	codex/continue-handoff-session	2fde14b37f24e6e5abda55f92faa9e7e8e847918	/data/CoordExp/.codex/worktrees/69ed/CoordExp	research/ideas/qwen3-vl-painted-gt-transcription-probe/experiments/2026-07-11-pvci-native-canonical-commit-depth/unit.md	76dee2768007227f15ab87a324b49155187858c1f70656c1e8daae638b16651b	12960	docs/history/worktree-cleanup/2026-07-12-pvci-research-worktree-recycle/snapshots/69ed/research/ideas/qwen3-vl-painted-gt-transcription-probe/experiments/2026-07-11-pvci-native-canonical-commit-depth/unit.md	promoted_live_research	research/ideas/qwen3-vl-painted-gt-transcription-probe/experiments/2026-07-11-pvci-native-canonical-commit-depth/unit.md
new_content_new_path	69ed	codex/continue-handoff-session	2fde14b37f24e6e5abda55f92faa9e7e8e847918	/data/CoordExp/.codex/worktrees/69ed/CoordExp	research/ideas/qwen3-vl-painted-gt-transcription-probe/experiments/2026-07-11-pvci-native-identity-slot-counterbalance/unit.md	38469a29a14dd2db2da7c2c2cc9e2c7102c5dc9582343184ca43fd4e02adaf3d	11636	docs/history/worktree-cleanup/2026-07-12-pvci-research-worktree-recycle/snapshots/69ed/research/ideas/qwen3-vl-painted-gt-transcription-probe/experiments/2026-07-11-pvci-native-identity-slot-counterbalance/unit.md	promoted_live_research	research/ideas/qwen3-vl-painted-gt-transcription-probe/experiments/2026-07-11-pvci-native-identity-slot-counterbalance/unit.md
new_content_new_path	69ed	codex/continue-handoff-session	2fde14b37f24e6e5abda55f92faa9e7e8e847918	/data/CoordExp/.codex/worktrees/69ed/CoordExp	research/ideas/qwen3-vl-painted-gt-transcription-probe/experiments/2026-07-11-pvci-native-spatial-commit-field/unit.md	a1d9c1c42e6caf5435a37d7d4bcc6c9c5d29c08d01e67e4c023b609289a49cea	17032	docs/history/worktree-cleanup/2026-07-12-pvci-research-worktree-recycle/snapshots/69ed/research/ideas/qwen3-vl-painted-gt-transcription-probe/experiments/2026-07-11-pvci-native-spatial-commit-field/unit.md	promoted_live_research	research/ideas/qwen3-vl-painted-gt-transcription-probe/experiments/2026-07-11-pvci-native-spatial-commit-field/unit.md
new_content_new_path	69ed	codex/continue-handoff-session	2fde14b37f24e6e5abda55f92faa9e7e8e847918	/data/CoordExp/.codex/worktrees/69ed/CoordExp	research/ideas/qwen3-vl-painted-gt-transcription-probe/experiments/2026-07-11-pvci-selection-aligned-prefix-state-gating/unit.md	6b4659c16781bde1f2faf2697c59bf173b0471785d6850f626782880fd648a9b	20357	docs/history/worktree-cleanup/2026-07-12-pvci-research-worktree-recycle/snapshots/69ed/research/ideas/qwen3-vl-painted-gt-transcription-probe/experiments/2026-07-11-pvci-selection-aligned-prefix-state-gating/unit.md	promoted_live_research	research/ideas/qwen3-vl-painted-gt-transcription-probe/experiments/2026-07-11-pvci-selection-aligned-prefix-state-gating/unit.md
new_content_new_path	69ed	codex/continue-handoff-session	2fde14b37f24e6e5abda55f92faa9e7e8e847918	/data/CoordExp/.codex/worktrees/69ed/CoordExp	research/ideas/qwen3-vl-painted-gt-transcription-probe/experiments/index.md	3941ac8620d70d034e3e7f153f5afee0e27f9f4782d1d7c16fc718e0c96b3e59	1171	docs/history/worktree-cleanup/2026-07-12-pvci-research-worktree-recycle/snapshots/69ed/research/ideas/qwen3-vl-painted-gt-transcription-probe/experiments/index.md	promoted_live_research	research/ideas/qwen3-vl-painted-gt-transcription-probe/experiments/index.md
new_content_new_path	69ed	codex/continue-handoff-session	2fde14b37f24e6e5abda55f92faa9e7e8e847918	/data/CoordExp/.codex/worktrees/69ed/CoordExp	research/ideas/qwen3-vl-painted-gt-transcription-probe/index.md	2c4247fb70f5c10d9049001378ade8ab7e0c318437d7868cc6d57322777a392e	408	docs/history/worktree-cleanup/2026-07-12-pvci-research-worktree-recycle/snapshots/69ed/research/ideas/qwen3-vl-painted-gt-transcription-probe/index.md	promoted_live_research	research/ideas/qwen3-vl-painted-gt-transcription-probe/index.md
new_content_new_path	69ed	codex/continue-handoff-session	2fde14b37f24e6e5abda55f92faa9e7e8e847918	/data/CoordExp/.codex/worktrees/69ed/CoordExp	research/investigations/coordexp-swift-physical-length/summary.md	bbd06748c967c32d065df12a452fcbfbf77551c61e873231e96489772daf39d9	2562	docs/history/worktree-cleanup/2026-07-12-pvci-research-worktree-recycle/snapshots/69ed/research/investigations/coordexp-swift-physical-length/summary.md	promoted_live_research	research/investigations/coordexp-swift-physical-length/summary.md
new_content_new_path	eb1c	codex/qwen3-vl-painted-gt-transcription-probe	f90381b15e6d	/data/CoordExp/.codex/worktrees/eb1c/CoordExp	research/ideas/qwen3-vl-painted-gt-transcription-probe/experiment-plan.md	cedca8cce96402bb97e52432c0e4ba740d687e4239935a8f8a2311d85bb0f6f9	35736	docs/history/worktree-cleanup/2026-07-12-pvci-research-worktree-recycle/snapshots/eb1c/research/ideas/qwen3-vl-painted-gt-transcription-probe/experiment-plan.md	promoted_live_research	research/ideas/qwen3-vl-painted-gt-transcription-probe/experiment-plan.md
new_content_new_path	eb1c	codex/qwen3-vl-painted-gt-transcription-probe	f90381b15e6d	/data/CoordExp/.codex/worktrees/eb1c/CoordExp	research/ideas/qwen3-vl-painted-gt-transcription-probe/experiments/2026-07-05-predicted-ledger-human-annotation-ablation/unit.md	d62505accb12fa52b1211ccfe4187d4ba504672dd7e921b47b933d40f429838e	11455	docs/history/worktree-cleanup/2026-07-12-pvci-research-worktree-recycle/snapshots/eb1c/research/ideas/qwen3-vl-painted-gt-transcription-probe/experiments/2026-07-05-predicted-ledger-human-annotation-ablation/unit.md	promoted_live_research	research/ideas/qwen3-vl-painted-gt-transcription-probe/experiments/2026-07-05-predicted-ledger-human-annotation-ablation/unit.md
new_content_new_path	eb1c	codex/qwen3-vl-painted-gt-transcription-probe	f90381b15e6d	/data/CoordExp/.codex/worktrees/eb1c/CoordExp	research/ideas/qwen3-vl-painted-gt-transcription-probe/experiments/2026-07-08-pvci-step0-preparation-results/unit.md	0481f8a2f90f9786f5be2a5cb5796cc7fbfd20261072d21761904e1544817cb6	8884	docs/history/worktree-cleanup/2026-07-12-pvci-research-worktree-recycle/snapshots/eb1c/research/ideas/qwen3-vl-painted-gt-transcription-probe/experiments/2026-07-08-pvci-step0-preparation-results/unit.md	promoted_live_research	research/ideas/qwen3-vl-painted-gt-transcription-probe/experiments/2026-07-08-pvci-step0-preparation-results/unit.md
new_content_new_path	eb1c	codex/qwen3-vl-painted-gt-transcription-probe	f90381b15e6d	/data/CoordExp/.codex/worktrees/eb1c/CoordExp	research/ideas/qwen3-vl-painted-gt-transcription-probe/experiments/2026-07-08-pvci-step1-precommit-probes/unit.md	886daa779796eb78862f598205f05dcc424aa184ad49274e89a627682ba0d0d6	12721	docs/history/worktree-cleanup/2026-07-12-pvci-research-worktree-recycle/snapshots/eb1c/research/ideas/qwen3-vl-painted-gt-transcription-probe/experiments/2026-07-08-pvci-step1-precommit-probes/unit.md	promoted_live_research	research/ideas/qwen3-vl-painted-gt-transcription-probe/experiments/2026-07-08-pvci-step1-precommit-probes/unit.md
new_content_new_path	eb1c	codex/qwen3-vl-painted-gt-transcription-probe	f90381b15e6d	/data/CoordExp/.codex/worktrees/eb1c/CoordExp	research/ideas/qwen3-vl-painted-gt-transcription-probe/experiments/2026-07-08-pvci-step2-anticopy-snap-radius-results/unit.md	76c5b470ae00f0d2f24bf5f1c07d4172aaa0561a13cda636fe681e150a7b9264	9946	docs/history/worktree-cleanup/2026-07-12-pvci-research-worktree-recycle/snapshots/eb1c/research/ideas/qwen3-vl-painted-gt-transcription-probe/experiments/2026-07-08-pvci-step2-anticopy-snap-radius-results/unit.md	promoted_live_research	research/ideas/qwen3-vl-painted-gt-transcription-probe/experiments/2026-07-08-pvci-step2-anticopy-snap-radius-results/unit.md
new_content_new_path	eb1c	codex/qwen3-vl-painted-gt-transcription-probe	f90381b15e6d	/data/CoordExp/.codex/worktrees/eb1c/CoordExp	research/ideas/qwen3-vl-painted-gt-transcription-probe/experiments/2026-07-08-pvci-step2-e0-snap-radius-calibration/unit.md	5523b60e4aab9d305119608a78c51c44e0ad79dc5d73a60c3900c62171563b41	4054	docs/history/worktree-cleanup/2026-07-12-pvci-research-worktree-recycle/snapshots/eb1c/research/ideas/qwen3-vl-painted-gt-transcription-probe/experiments/2026-07-08-pvci-step2-e0-snap-radius-calibration/unit.md	promoted_live_research	research/ideas/qwen3-vl-painted-gt-transcription-probe/experiments/2026-07-08-pvci-step2-e0-snap-radius-calibration/unit.md
new_content_new_path	eb1c	codex/qwen3-vl-painted-gt-transcription-probe	f90381b15e6d	/data/CoordExp/.codex/worktrees/eb1c/CoordExp	research/ideas/qwen3-vl-painted-gt-transcription-probe/experiments/2026-07-08-pvci-step2-snap-radius-build-probe-plan/unit.md	c4aeff3a4723abc9e62110b39d98e6ed881713ba17af0c49fb0d938dd841d305	8663	docs/history/worktree-cleanup/2026-07-12-pvci-research-worktree-recycle/snapshots/eb1c/research/ideas/qwen3-vl-painted-gt-transcription-probe/experiments/2026-07-08-pvci-step2-snap-radius-build-probe-plan/unit.md	promoted_live_research	research/ideas/qwen3-vl-painted-gt-transcription-probe/experiments/2026-07-08-pvci-step2-snap-radius-build-probe-plan/unit.md
new_content_new_path	eb1c	codex/qwen3-vl-painted-gt-transcription-probe	f90381b15e6d	/data/CoordExp/.codex/worktrees/eb1c/CoordExp	research/ideas/qwen3-vl-painted-gt-transcription-probe/experiments/2026-07-09-pvci-corrupted-wrong-object-row-binding/unit.md	a4ba719329157c83933433972763909d5fe637ace0aaa0d2b2784b430b168d89	13851	docs/history/worktree-cleanup/2026-07-12-pvci-research-worktree-recycle/snapshots/eb1c/research/ideas/qwen3-vl-painted-gt-transcription-probe/experiments/2026-07-09-pvci-corrupted-wrong-object-row-binding/unit.md	promoted_live_research	research/ideas/qwen3-vl-painted-gt-transcription-probe/experiments/2026-07-09-pvci-corrupted-wrong-object-row-binding/unit.md
new_content_new_path	eb1c	codex/qwen3-vl-painted-gt-transcription-probe	f90381b15e6d	/data/CoordExp/.codex/worktrees/eb1c/CoordExp	research/ideas/qwen3-vl-painted-gt-transcription-probe/experiments/2026-07-09-pvci-cross-image-delta-transfer/unit.md	e9c3ed31a487b15c6cae925838ed2ba6797a567f3be278c441eda739c3ea30f9	9382	docs/history/worktree-cleanup/2026-07-12-pvci-research-worktree-recycle/snapshots/eb1c/research/ideas/qwen3-vl-painted-gt-transcription-probe/experiments/2026-07-09-pvci-cross-image-delta-transfer/unit.md	promoted_live_research	research/ideas/qwen3-vl-painted-gt-transcription-probe/experiments/2026-07-09-pvci-cross-image-delta-transfer/unit.md
new_content_new_path	eb1c	codex/qwen3-vl-painted-gt-transcription-probe	f90381b15e6d	/data/CoordExp/.codex/worktrees/eb1c/CoordExp	research/ideas/qwen3-vl-painted-gt-transcription-probe/experiments/2026-07-09-pvci-feature-replay-cursor/unit.md	52ef6e52241132d6d7aa5212e33831df3da4f624156cf21242a417293e08c38b	9114	docs/history/worktree-cleanup/2026-07-12-pvci-research-worktree-recycle/snapshots/eb1c/research/ideas/qwen3-vl-painted-gt-transcription-probe/experiments/2026-07-09-pvci-feature-replay-cursor/unit.md	promoted_live_research	research/ideas/qwen3-vl-painted-gt-transcription-probe/experiments/2026-07-09-pvci-feature-replay-cursor/unit.md
new_content_new_path	eb1c	codex/qwen3-vl-painted-gt-transcription-probe	f90381b15e6d	/data/CoordExp/.codex/worktrees/eb1c/CoordExp	research/ideas/qwen3-vl-painted-gt-transcription-probe/experiments/2026-07-09-pvci-feature-store-delta-cursor/unit.md	20357da1536ee1aeeb2fdcc0850cbf5f1e33e71e079f2d26a178885a85178ef4	10130	docs/history/worktree-cleanup/2026-07-12-pvci-research-worktree-recycle/snapshots/eb1c/research/ideas/qwen3-vl-painted-gt-transcription-probe/experiments/2026-07-09-pvci-feature-store-delta-cursor/unit.md	promoted_live_research	research/ideas/qwen3-vl-painted-gt-transcription-probe/experiments/2026-07-09-pvci-feature-store-delta-cursor/unit.md
new_content_new_path	eb1c	codex/qwen3-vl-painted-gt-transcription-probe	f90381b15e6d	/data/CoordExp/.codex/worktrees/eb1c/CoordExp	research/ideas/qwen3-vl-painted-gt-transcription-probe/experiments/2026-07-09-pvci-identity-conflict/unit.md	e4ea7a96dcae69dfb48f4691829acd860ebf4334a7bd127084ceb1f06735a283	11621	docs/history/worktree-cleanup/2026-07-12-pvci-research-worktree-recycle/snapshots/eb1c/research/ideas/qwen3-vl-painted-gt-transcription-probe/experiments/2026-07-09-pvci-identity-conflict/unit.md	promoted_live_research	research/ideas/qwen3-vl-painted-gt-transcription-probe/experiments/2026-07-09-pvci-identity-conflict/unit.md
new_content_new_path	eb1c	codex/qwen3-vl-painted-gt-transcription-probe	f90381b15e6d	/data/CoordExp/.codex/worktrees/eb1c/CoordExp	research/ideas/qwen3-vl-painted-gt-transcription-probe/experiments/2026-07-09-pvci-image-embed-spatial-localization/unit.md	6f81dc3eb5045e58891d096f647a57bee13d3732c39c942cd3db1dbfe4094d0e	10577	docs/history/worktree-cleanup/2026-07-12-pvci-research-worktree-recycle/snapshots/eb1c/research/ideas/qwen3-vl-painted-gt-transcription-probe/experiments/2026-07-09-pvci-image-embed-spatial-localization/unit.md	promoted_live_research	research/ideas/qwen3-vl-painted-gt-transcription-probe/experiments/2026-07-09-pvci-image-embed-spatial-localization/unit.md
new_content_new_path	eb1c	codex/qwen3-vl-painted-gt-transcription-probe	f90381b15e6d	/data/CoordExp/.codex/worktrees/eb1c/CoordExp	research/ideas/qwen3-vl-painted-gt-transcription-probe/experiments/2026-07-09-pvci-layer-boundary-residual-decomposition/unit.md	2a45ca0ad8b598b105d1e8f2ed5194236ffc67cdad5f5634fa93ec5c6f7be415	6590	docs/history/worktree-cleanup/2026-07-12-pvci-research-worktree-recycle/snapshots/eb1c/research/ideas/qwen3-vl-painted-gt-transcription-probe/experiments/2026-07-09-pvci-layer-boundary-residual-decomposition/unit.md	promoted_live_research	research/ideas/qwen3-vl-painted-gt-transcription-probe/experiments/2026-07-09-pvci-layer-boundary-residual-decomposition/unit.md
new_content_new_path	eb1c	codex/qwen3-vl-painted-gt-transcription-probe	f90381b15e6d	/data/CoordExp/.codex/worktrees/eb1c/CoordExp	research/ideas/qwen3-vl-painted-gt-transcription-probe/experiments/2026-07-09-pvci-local-visual-delta-cursor/unit.md	9b9d64680b7d97c38db330473a471625dbf1f4072d796a54e98f8fe1a97f08eb	11236	docs/history/worktree-cleanup/2026-07-12-pvci-research-worktree-recycle/snapshots/eb1c/research/ideas/qwen3-vl-painted-gt-transcription-probe/experiments/2026-07-09-pvci-local-visual-delta-cursor/unit.md	promoted_live_research	research/ideas/qwen3-vl-painted-gt-transcription-probe/experiments/2026-07-09-pvci-local-visual-delta-cursor/unit.md
new_content_new_path	eb1c	codex/qwen3-vl-painted-gt-transcription-probe	f90381b15e6d	/data/CoordExp/.codex/worktrees/eb1c/CoordExp	research/ideas/qwen3-vl-painted-gt-transcription-probe/experiments/2026-07-09-pvci-post-scatter-image-token-equivalence/unit.md	1277acd8dca4a40038b336025ad772a84805b4ae3f7e6cf9acdaed7fa3a9287b	9218	docs/history/worktree-cleanup/2026-07-12-pvci-research-worktree-recycle/snapshots/eb1c/research/ideas/qwen3-vl-painted-gt-transcription-probe/experiments/2026-07-09-pvci-post-scatter-image-token-equivalence/unit.md	promoted_live_research	research/ideas/qwen3-vl-painted-gt-transcription-probe/experiments/2026-07-09-pvci-post-scatter-image-token-equivalence/unit.md
new_content_new_path	eb1c	codex/qwen3-vl-painted-gt-transcription-probe	f90381b15e6d	/data/CoordExp/.codex/worktrees/eb1c/CoordExp	research/ideas/qwen3-vl-painted-gt-transcription-probe/experiments/2026-07-09-pvci-post-scatter-layer-onset/unit.md	2097c4c6a47c0fb19671f7da556d92cef4180350ffb434e1a75f154bf52b305c	8564	docs/history/worktree-cleanup/2026-07-12-pvci-research-worktree-recycle/snapshots/eb1c/research/ideas/qwen3-vl-painted-gt-transcription-probe/experiments/2026-07-09-pvci-post-scatter-layer-onset/unit.md	promoted_live_research	research/ideas/qwen3-vl-painted-gt-transcription-probe/experiments/2026-07-09-pvci-post-scatter-layer-onset/unit.md
new_content_new_path	eb1c	codex/qwen3-vl-painted-gt-transcription-probe	f90381b15e6d	/data/CoordExp/.codex/worktrees/eb1c/CoordExp	research/ideas/qwen3-vl-painted-gt-transcription-probe/experiments/2026-07-09-pvci-region-split-visual-delta-cursor/unit.md	bff801fc98b2b15cc8b9ed36d4ac84d201856f74bb94900e7c498642a5b6fdb8	8652	docs/history/worktree-cleanup/2026-07-12-pvci-research-worktree-recycle/snapshots/eb1c/research/ideas/qwen3-vl-painted-gt-transcription-probe/experiments/2026-07-09-pvci-region-split-visual-delta-cursor/unit.md	promoted_live_research	research/ideas/qwen3-vl-painted-gt-transcription-probe/experiments/2026-07-09-pvci-region-split-visual-delta-cursor/unit.md
new_content_new_path	eb1c	codex/qwen3-vl-painted-gt-transcription-probe	f90381b15e6d	/data/CoordExp/.codex/worktrees/eb1c/CoordExp	research/ideas/qwen3-vl-painted-gt-transcription-probe/experiments/2026-07-09-pvci-residual-patch-causal-sufficiency/unit.md	cc75268e08692796bf38f5c846b421ed02e826babd02bea30fad7d6f7c22c418	7234	docs/history/worktree-cleanup/2026-07-12-pvci-research-worktree-recycle/snapshots/eb1c/research/ideas/qwen3-vl-painted-gt-transcription-probe/experiments/2026-07-09-pvci-residual-patch-causal-sufficiency/unit.md	promoted_live_research	research/ideas/qwen3-vl-painted-gt-transcription-probe/experiments/2026-07-09-pvci-residual-patch-causal-sufficiency/unit.md
new_content_new_path	eb1c	codex/qwen3-vl-painted-gt-transcription-probe	f90381b15e6d	/data/CoordExp/.codex/worktrees/eb1c/CoordExp	research/ideas/qwen3-vl-painted-gt-transcription-probe/experiments/2026-07-09-pvci-same-object-aug-delta-bridge/unit.md	b63ac5a0c3a38f9d46f426d3883d3ca234ce1c34509a8bea81de6329598555b1	6889	docs/history/worktree-cleanup/2026-07-12-pvci-research-worktree-recycle/snapshots/eb1c/research/ideas/qwen3-vl-painted-gt-transcription-probe/experiments/2026-07-09-pvci-same-object-aug-delta-bridge/unit.md	promoted_live_research	research/ideas/qwen3-vl-painted-gt-transcription-probe/experiments/2026-07-09-pvci-same-object-aug-delta-bridge/unit.md
new_content_new_path	eb1c	codex/qwen3-vl-painted-gt-transcription-probe	f90381b15e6d	/data/CoordExp/.codex/worktrees/eb1c/CoordExp	research/ideas/qwen3-vl-painted-gt-transcription-probe/experiments/2026-07-09-pvci-sublayer-patch-route-split/unit.md	4e85ace81f6b1d34bc1f385fcd03ef0de3252b16724727dcbf59be28f2d98b39	6309	docs/history/worktree-cleanup/2026-07-12-pvci-research-worktree-recycle/snapshots/eb1c/research/ideas/qwen3-vl-painted-gt-transcription-probe/experiments/2026-07-09-pvci-sublayer-patch-route-split/unit.md	promoted_live_research	research/ideas/qwen3-vl-painted-gt-transcription-probe/experiments/2026-07-09-pvci-sublayer-patch-route-split/unit.md
new_content_new_path	eb1c	codex/qwen3-vl-painted-gt-transcription-probe	f90381b15e6d	/data/CoordExp/.codex/worktrees/eb1c/CoordExp	research/ideas/qwen3-vl-painted-gt-transcription-probe/experiments/2026-07-09-pvci-visual-feature-component-localization/unit.md	e2434fb2519978d2b40f00fd062a4ed5fe59cf5caccc4e5fc5b43fb25b6a1957	10215	docs/history/worktree-cleanup/2026-07-12-pvci-research-worktree-recycle/snapshots/eb1c/research/ideas/qwen3-vl-painted-gt-transcription-probe/experiments/2026-07-09-pvci-visual-feature-component-localization/unit.md	promoted_live_research	research/ideas/qwen3-vl-painted-gt-transcription-probe/experiments/2026-07-09-pvci-visual-feature-component-localization/unit.md
new_content_new_path	eb1c	codex/qwen3-vl-painted-gt-transcription-probe	f90381b15e6d	/data/CoordExp/.codex/worktrees/eb1c/CoordExp	research/ideas/qwen3-vl-painted-gt-transcription-probe/experiments/2026-07-10-pvci-row-trajectory-causal-persistence/unit.md	bae4e228adcd70bc89c4e0b945e384b3fcc1e18e90073adc28fd62e8a120dc6a	11859	docs/history/worktree-cleanup/2026-07-12-pvci-research-worktree-recycle/snapshots/eb1c/research/ideas/qwen3-vl-painted-gt-transcription-probe/experiments/2026-07-10-pvci-row-trajectory-causal-persistence/unit.md	promoted_live_research	research/ideas/qwen3-vl-painted-gt-transcription-probe/experiments/2026-07-10-pvci-row-trajectory-causal-persistence/unit.md
new_content_new_path	eb1c	codex/qwen3-vl-painted-gt-transcription-probe	f90381b15e6d	/data/CoordExp/.codex/worktrees/eb1c/CoordExp	research/ideas/qwen3-vl-painted-gt-transcription-probe/experiments/index.md	a009e2862a9748e593e3730c6b222b54482b19ab3569fc746354a188d82b6fbf	2662	docs/history/worktree-cleanup/2026-07-12-pvci-research-worktree-recycle/snapshots/eb1c/research/ideas/qwen3-vl-painted-gt-transcription-probe/experiments/index.md	promoted_live_research	research/ideas/qwen3-vl-painted-gt-transcription-probe/experiments/index.md
new_content_new_path	eb1c	codex/qwen3-vl-painted-gt-transcription-probe	f90381b15e6d	/data/CoordExp/.codex/worktrees/eb1c/CoordExp	research/ideas/qwen3-vl-painted-gt-transcription-probe/index.md	0e0884a8c389992c76ce999b6d81d7f7faad08372e1619d0e50799ce522bbbc3	495	docs/history/worktree-cleanup/2026-07-12-pvci-research-worktree-recycle/snapshots/eb1c/research/ideas/qwen3-vl-painted-gt-transcription-probe/index.md	promoted_live_research	research/ideas/qwen3-vl-painted-gt-transcription-probe/index.md
new_content_new_path	eb1c	codex/qwen3-vl-painted-gt-transcription-probe	f90381b15e6d	/data/CoordExp/.codex/worktrees/eb1c/CoordExp	research/ideas/qwen3-vl-painted-gt-transcription-probe/overview.md	8c2fb7aba421bdf9a517c744236f1b3bd60f7caaa979456720a83d7c5610b6eb	30978	docs/history/worktree-cleanup/2026-07-12-pvci-research-worktree-recycle/snapshots/eb1c/research/ideas/qwen3-vl-painted-gt-transcription-probe/overview.md	promoted_live_research	research/ideas/qwen3-vl-painted-gt-transcription-probe/overview.md
new_content_new_path	eb1c	codex/qwen3-vl-painted-gt-transcription-probe	f90381b15e6d	/data/CoordExp/.codex/worktrees/eb1c/CoordExp	research/ideas/qwen3-vl-painted-gt-transcription-probe/review-log.md	92006543afbf0c2493b8cb3ad08a1af684f2125cad1ca36798b4fd525dc5c9ca	14973	docs/history/worktree-cleanup/2026-07-12-pvci-research-worktree-recycle/snapshots/eb1c/research/ideas/qwen3-vl-painted-gt-transcription-probe/review-log.md	promoted_live_research	research/ideas/qwen3-vl-painted-gt-transcription-probe/review-log.md
new_content_new_path	eb1c	codex/qwen3-vl-painted-gt-transcription-probe	f90381b15e6d	/data/CoordExp/.codex/worktrees/eb1c/CoordExp	docs/superpowers/plans/2026-07-04-qwen3-vl-painted-gt-transcription-probe.md	9c4e099a29d6d17f2401e0d5e855060ddcd380c6d016fe5745e1b148e91b02c2	64771	docs/history/worktree-cleanup/2026-07-12-pvci-research-worktree-recycle/snapshots/eb1c/docs/superpowers/plans/2026-07-04-qwen3-vl-painted-gt-transcription-probe.md	raw_history_only	-
new_content_new_path	eb1c	codex/qwen3-vl-painted-gt-transcription-probe	f90381b15e6d	/data/CoordExp/.codex/worktrees/eb1c/CoordExp	docs/superpowers/plans/2026-07-06-next-object-steering-plan.md	3c5c5c78c66843f3e5cbc6345949d068b8a3a562cba5b9edc69aa2b29425e8c2	20335	docs/history/worktree-cleanup/2026-07-12-pvci-research-worktree-recycle/snapshots/eb1c/docs/superpowers/plans/2026-07-06-next-object-steering-plan.md	raw_history_only	-
new_content_new_path	eb1c	codex/qwen3-vl-painted-gt-transcription-probe	f90381b15e6d	/data/CoordExp/.codex/worktrees/eb1c/CoordExp	docs/superpowers/plans/2026-07-06-next-object-steering-roadmap.md	25770f9ed932107b282eeaa7af9996f806184dcd94b2d5a4bb6efad6fac53e0e	32292	docs/history/worktree-cleanup/2026-07-12-pvci-research-worktree-recycle/snapshots/eb1c/docs/superpowers/plans/2026-07-06-next-object-steering-roadmap.md	raw_history_only	-
new_content_new_path	eb1c	codex/qwen3-vl-painted-gt-transcription-probe	f90381b15e6d	/data/CoordExp/.codex/worktrees/eb1c/CoordExp	docs/superpowers/plans/2026-07-08-pvci-step0-preparation-experiments.md	66793e9131779dbb9e75cc3711e2f80cac64bd3ed737f36001ef2e31b85482f8	8748	docs/history/worktree-cleanup/2026-07-12-pvci-research-worktree-recycle/snapshots/eb1c/docs/superpowers/plans/2026-07-08-pvci-step0-preparation-experiments.md	raw_history_only	-
new_content_new_path	eb1c	codex/qwen3-vl-painted-gt-transcription-probe	f90381b15e6d	/data/CoordExp/.codex/worktrees/eb1c/CoordExp	docs/superpowers/plans/2026-07-08-pvci-step1-precommit-probes.md	e9986fe31a2d50f6709a1b03e9d4c9246b44356915e73776614dfdda93a0a8a6	51096	docs/history/worktree-cleanup/2026-07-12-pvci-research-worktree-recycle/snapshots/eb1c/docs/superpowers/plans/2026-07-08-pvci-step1-precommit-probes.md	raw_history_only	-
new_content_new_path	eb1c	codex/qwen3-vl-painted-gt-transcription-probe	f90381b15e6d	/data/CoordExp/.codex/worktrees/eb1c/CoordExp	docs/superpowers/specs/2026-07-06-next-object-steering-design.md	1ff73c7812eff1539730e71ca9a36dce73e22fde8e506f76661c798e4fc69cfe	9191	docs/history/worktree-cleanup/2026-07-12-pvci-research-worktree-recycle/snapshots/eb1c/docs/superpowers/specs/2026-07-06-next-object-steering-design.md	raw_history_only	-
new_content_new_path	eb1c	codex/qwen3-vl-painted-gt-transcription-probe	f90381b15e6d	/data/CoordExp/.codex/worktrees/eb1c/CoordExp	docs/superpowers/specs/2026-07-08-pvci-step1-precommit-probes-design.md	da26f00257565142283762bfa2b64ff71314b933f66983c62270948645ca7d2e	10380	docs/history/worktree-cleanup/2026-07-12-pvci-research-worktree-recycle/snapshots/eb1c/docs/superpowers/specs/2026-07-08-pvci-step1-precommit-probes-design.md	raw_history_only	-
