claim_id	document	statement	claim_status	evidence_scope	evidence_ids	counterevidence_ids	conditions	artifact_handles	limitations	next_discriminator
BIND-001	05_binding_and_formation_capsule.md	formation ownership is mixed, not a single repair path	historical_selected_evidence	Claim paragraph and evidence tables in 05_binding_and_formation_capsule.md	source_coverage.tsv#output:b6382ca47e5072ef7b60a40808a414bbbad9b9922f51988f6d166db7b1c81047;source_coverage.tsv#output:98a3a1dc4ddce4ecbb3d88ae3067c3d3fe86df11d48959eac52b131fcb4efe9b;source_coverage.tsv#output:00b2cfbea6cd933e121749ebf297f27b744aeb893a58ce7e428d23f6bc3ca598	-	Selected historical panel; preserve the checkpoint, prefix, intervention site, metric surface, and controls stated in the owning document.	Exact artifact and recovery handles are listed under BIND-001 in 05_binding_and_formation_capsule.md.	The component reducer has 340 rows (170 MLP and 170 self-attention across layers 17/18). Role counts are layer-18 donor snap 108, origin collapse 120, persistent worse/escape 56, rank-only target repair 24, and stable target geometry 32. Overall target-like rate is 0.1971 and target-geometry rate 0.10; worse-like rate is 0.3735.	Use the bounded next-probe guidance in 05_binding_and_formation_capsule.md; do not repeat the historical arm without changing its declared discriminator.
BIND-002	05_binding_and_formation_capsule.md	site/layer effects are heterogeneous	historical_selected_evidence	Claim paragraph and evidence tables in 05_binding_and_formation_capsule.md	source_coverage.tsv#output:b6382ca47e5072ef7b60a40808a414bbbad9b9922f51988f6d166db7b1c81047;source_coverage.tsv#output:98a3a1dc4ddce4ecbb3d88ae3067c3d3fe86df11d48959eac52b131fcb4efe9b;source_coverage.tsv#output:a22fedbca486da4df10f38c3b22356c2a891847b579a6b9f71d1dc90e03bd1cf	-	Selected historical panel; preserve the checkpoint, prefix, intervention site, metric surface, and controls stated in the owning document.	Exact artifact and recovery handles are listed under BIND-002 in 05_binding_and_formation_capsule.md.	In the component panel, L17 self-attention is donor-like on 0.7882 of rows, while L18 MLP is origin-like on 0.3765; stable-target-geometry rows are a small labeled subset, not a population rate. The transition summary is even more conditional: one clean simple-control panel has 605 rows, 57 receivers, and 121 sequences, with target-geometry rate 0 and donor/origin-like rates above 0.99.	Use the bounded next-probe guidance in 05_binding_and_formation_capsule.md; do not repeat the historical arm without changing its declared discriminator.
BIND-003	05_binding_and_formation_capsule.md	failure modes are dominated by boundary and onset conditions	historical_selected_evidence	Claim paragraph and evidence tables in 05_binding_and_formation_capsule.md	source_coverage.tsv#output:b6382ca47e5072ef7b60a40808a414bbbad9b9922f51988f6d166db7b1c81047;source_coverage.tsv#output:8617c6b42cd68aeff0d5a6423ddd6ea90b71dcb72ba079b993e8de83e40b628e;source_coverage.tsv#output:98a3a1dc4ddce4ecbb3d88ae3067c3d3fe86df11d48959eac52b131fcb4efe9b	-	Selected historical panel; preserve the checkpoint, prefix, intervention site, metric surface, and controls stated in the owning document.	Exact artifact and recovery handles are listed under BIND-003 in 05_binding_and_formation_capsule.md.	The staged failure reducer has 472 rows, split train 216/val 256. Failure loci: x1-onset anchor failure 204, premature boundary 132, tail no-rescue/delayed evidence 64, small-object weak evidence 60, and wrapper-mode router competition 12. Intrusive transitions are 245/472; strict clean local repairs are 61/472.	Use the bounded next-probe guidance in 05_binding_and_formation_capsule.md; do not repeat the historical arm without changing its declared discriminator.
BIND-004	05_binding_and_formation_capsule.md	geometry checks are valid but do not imply binding repair	historical_selected_evidence	Claim paragraph and evidence tables in 05_binding_and_formation_capsule.md	source_coverage.tsv#output:b6382ca47e5072ef7b60a40808a414bbbad9b9922f51988f6d166db7b1c81047;source_coverage.tsv#output:98a3a1dc4ddce4ecbb3d88ae3067c3d3fe86df11d48959eac52b131fcb4efe9b;source_coverage.tsv#output:03afdd68f5b42b45fc25a660b86252fdb2d5ec1919b4079740982f4d30813f3c	-	Selected historical panel; preserve the checkpoint, prefix, intervention site, metric surface, and controls stated in the owning document.	Exact artifact and recovery handles are listed under BIND-004 in 05_binding_and_formation_capsule.md.	The staged coordinate-value geometry summary has 313 input/output rows and 0 invalid geometry rows. It labels 52 clean transitions and 261 intrusive transitions; intrusive transitions have rank improvement on 0.4559 of rows and slot intrusion rate 1.0. Geometry validity is a data-quality check, not a causal success metric.	Use the bounded next-probe guidance in 05_binding_and_formation_capsule.md; do not repeat the historical arm without changing its declared discriminator.
BIND-005	05_binding_and_formation_capsule.md	continuation repairs rarely alter stopping	historical_selected_evidence	Claim paragraph and evidence tables in 05_binding_and_formation_capsule.md	source_coverage.tsv#output:b6382ca47e5072ef7b60a40808a414bbbad9b9922f51988f6d166db7b1c81047;source_coverage.tsv#output:98a3a1dc4ddce4ecbb3d88ae3067c3d3fe86df11d48959eac52b131fcb4efe9b;source_coverage.tsv#output:00b2cfbea6cd933e121749ebf297f27b744aeb893a58ce7e428d23f6bc3ca598	-	Selected historical panel; preserve the checkpoint, prefix, intervention site, metric surface, and controls stated in the owning document.	Exact artifact and recovery handles are listed under BIND-005 in 05_binding_and_formation_capsule.md.	Object-step value-region decompositions contain many `max_steps` outcomes; core continuation tables report final stop changed 0 for the highlighted repairs/harmful patches. Rank or coordinate movement therefore does not establish termination or object-count repair.	Use the bounded next-probe guidance in 05_binding_and_formation_capsule.md; do not repeat the historical arm without changing its declared discriminator.
COORD-001	08_coordinate_objective_and_decode_negatives.md	Teacher-forced coordinate diagnostics did not explain the large free-rollout detection gap	historical_result	Three historical 4B Stage-1 runs; `progress/benchmarks/stage1_training_dynamics_4b_2026-02-26.md`; TensorBoard scalars and 200-row COCO evaluation companion.	source_coverage.tsv#progress:1c29e9bef049595d40a649228b615941362b306cb977d1443050d0f31fdf1924;source_coverage.tsv#progress:3d8a00d50a1e1a047e17b3ec763ac77d35156e1c86c1c791d90e76d028abdf5f;source_coverage.tsv#progress:3cd2e3bf0aa25eafa7b1a975258410034aeca8d30fb299aad9a176fc93eda1d3	-	`stage1_4b_objective_training_dynamics`	Three historical 4B Stage-1 runs; `progress/benchmarks/stage1_training_dynamics_4b_2026-02-26.md`; TensorBoard scalars and 200-row COCO evaluation companion.	Reusable train-vs-rollout lesson; checkpoint family and old artifacts are historical. Require a tiny decode validation rather than inferring quality from teacher forcing alone.	Run only a matched follow-up inside comparable group `stage1_4b_objective_training_dynamics` with raw artifacts and declared denominators.
COORD-002	08_coordinate_objective_and_decode_negatives.md	Mixed hard-CE + soft-CE/W1/gate was stronger than single-objective baselines on the historical 4B COCO-80 val200 slice	historical_result	`progress/stage1_coco80_eval_4b_ckpts_768_vs_1024_2026-02-26.md`; three 4B-sized checkpoints, two nominal rescale presets.	source_coverage.tsv#progress:184ae03c30fb80e72ce36ef2ed7ed93760214dff3a1c694dfb63cd69e6cd47dc;source_coverage.tsv#progress:1700628808d4a60edc210cd670332848b5b9a69ce5473978e4ea5e90eece3094;source_coverage.tsv#progress:aece6302e216f651e3065e3c599005a02912562409b9930e97b75608d81b8f14	-	`stage1_4b_coco80_objective_comparison`	`progress/stage1_coco80_eval_4b_ckpts_768_vs_1024_2026-02-26.md`; three 4B-sized checkpoints, two nominal rescale presets.	Historical objective result. The “768 vs 1024” images were effectively the same 640×640 images; deltas are not a resolution ablation.	Run only a matched follow-up inside comparable group `stage1_4b_coco80_objective_comparison` with raw artifacts and declared denominators.
COORD-003	08_coordinate_objective_and_decode_negatives.md	In the clean 2B coordinate-component matrix, hard CE at `rp=1.10` was a stronger anchor than the same arm at `rp=1.05`; this is a decode × objective interaction	historical_result	`progress/benchmarks/2026-05-07_stage1_2b_coord_component_rp110_ablation.md`; COCO 1024 LVIS-proxy first 200, adapter-loaded coord tokens.	source_coverage.tsv#progress:3d8a00d50a1e1a047e17b3ec763ac77d35156e1c86c1c791d90e76d028abdf5f;source_coverage.tsv#progress:3cd2e3bf0aa25eafa7b1a975258410034aeca8d30fb299aad9a176fc93eda1d3;source_coverage.tsv#progress:6da69c51d288777bd3715da594d0ffb752d9f66b4e9688b6f00b39fda72cde44	-	`stage1_2b_coord_component_rp_sweep`	`progress/benchmarks/2026-05-07_stage1_2b_coord_component_rp110_ablation.md`; COCO 1024 LVIS-proxy first 200, adapter-loaded coord tokens.	Strong historical decode lesson, not a global RP default. Strict/plausible proxy views are not standard COCO metrics.	Run only a matched follow-up inside comparable group `stage1_2b_coord_component_rp_sweep` with raw artifacts and declared denominators.
COORD-004	08_coordinate_objective_and_decode_negatives.md	The historical 2B val200 leaderboard mixes incompatible families and should not be read as one causal ranking	historical_result	`progress/benchmarks/stage1_2b_val200_leaderboard.md` and `progress/benchmarks/2026-07-03_coord_token_val200_benchmark.md`.	source_coverage.tsv#progress:6da69c51d288777bd3715da594d0ffb752d9f66b4e9688b6f00b39fda72cde44;source_coverage.tsv#progress:aece6302e216f651e3065e3c599005a02912562409b9930e97b75608d81b8f14;source_coverage.tsv#progress:753b109d7a466e439a68b7f7ac746cf6bd47bbfc3d074758d4407615a191f94b	-	`stage1_2b_val200_mixed_dashboard`	`progress/benchmarks/stage1_2b_val200_leaderboard.md` and `progress/benchmarks/2026-07-03_coord_token_val200_benchmark.md`.	Registry maintenance rule: compare only within `comparable_group`; retain old rank as historical selection context.	Run only a matched follow-up inside comparable group `stage1_2b_val200_mixed_dashboard` with raw artifacts and declared denominators.
COORD-005	08_coordinate_objective_and_decode_negatives.md	Native Qwen3-VL text-coordinate baseline failures were dominated by prompt/template and stopping errors before geometry quality could be judged	historical_result	`outputs/research/qwen3-vl-native-text-coordinate-val200/benchmark.md`; repaired native-template smoke and val200.	source_coverage.tsv#output:e8e5292758323cd736a55dc68c5bf567ae7cd66ff313e50da31a663c8f9875e1;source_coverage.tsv#progress:6da69c51d288777bd3715da594d0ffb752d9f66b4e9688b6f00b39fda72cde44;source_coverage.tsv#progress:aece6302e216f651e3065e3c599005a02912562409b9930e97b75608d81b8f14	-	`native_text_coordinate_val200_runner`	`outputs/research/qwen3-vl-native-text-coordinate-val200/benchmark.md`; repaired native-template smoke and val200.	Useful parser/smoke lesson and ecological baseline only; not a causal serialization comparison.	Run only a matched follow-up inside comparable group `native_text_coordinate_val200_runner` with raw artifacts and declared denominators.
COORD-006	08_coordinate_objective_and_decode_negatives.md	Several coordinate/geometry objective candidates were negative or unstable on compact-full val200 and should remain controls, not promoted mechanisms	historical_result	`progress/benchmarks/2026-07-03_coord_token_val200_benchmark.md`; A5/A6 IoU-Gibbs, Gaussian SoftCE, Coord-repel, random/full-object SFT rows.	source_coverage.tsv#progress:6da69c51d288777bd3715da594d0ffb752d9f66b4e9688b6f00b39fda72cde44;source_coverage.tsv#output:e8e5292758323cd736a55dc68c5bf567ae7cd66ff313e50da31a663c8f9875e1;source_coverage.tsv#progress:3d8a00d50a1e1a047e17b3ec763ac77d35156e1c86c1c791d90e76d028abdf5f	-	`compact_full_objective_negative_sweep`	`progress/benchmarks/2026-07-03_coord_token_val200_benchmark.md`; A5/A6 IoU-Gibbs, Gaussian SoftCE, Coord-repel, random/full-object SFT rows.	Run-specific negative results. Do not infer objective superiority without matching data/template/decode and raw artifact checks.	Run only a matched follow-up inside comparable group `compact_full_objective_negative_sweep` with raw artifacts and declared denominators.
COORD-007	08_coordinate_objective_and_decode_negatives.md	Local diagnostics can be numerically repaired without making the underlying model claim trustworthy	historical_result	Stage-2 crowded `v2_bboxfix` is retained here because it directly conditions coordinate/decode interpretation; source synthesis at `progress/diagnostics/2026-03-26_stage2_small_object_duplication_offline_synthesis.md`.	source_coverage.tsv#progress:1efabdb429732523cce5e7cafdf0177a7b5433874099042966bad673c149ce45;source_coverage.tsv#output:e8e5292758323cd736a55dc68c5bf567ae7cd66ff313e50da31a663c8f9875e1;source_coverage.tsv#progress:6da69c51d288777bd3715da594d0ffb752d9f66b4e9688b6f00b39fda72cde44	-	`diagnostics_parser_correction_v2_bboxfix`	Stage-2 crowded `v2_bboxfix` is retained here because it directly conditions coordinate/decode interpretation; source synthesis at `progress/diagnostics/2026-03-26_stage2_small_object_duplication_offline_synthesis.md`.	Trust asymmetry is a reusable evidence rule: parser fixes require a new artifact identity and supersede earlier derived metrics.	Run only a matched follow-up inside comparable group `diagnostics_parser_correction_v2_bboxfix` with raw artifacts and declared denominators.
COV-001	02_coverage_ledger_mechanism.md	source-history signal is reproducible within the bridge panel	historical_selected_evidence	Claim paragraph and evidence tables in 02_coverage_ledger_mechanism.md	source_coverage.tsv#output:9b41553678cfcb7278842a6b533b0f6d05b61b0934279f9cda44f15e4cab33b3;source_coverage.tsv#output:2264dc8a0993aef624f48790e2174553c2a6309f51e343f88bc3f5a111275d74;source_coverage.tsv#output:9b5582fe7c906fac24460d529db426b569d4b5838dcb153db9680b4625e51b40	-	Selected historical panel; preserve the checkpoint, prefix, intervention site, metric surface, and controls stated in the owning document.	Exact artifact and recovery handles are listed under COV-001 in 02_coverage_ledger_mechanism.md.	The merged source-history localization aggregate has 4 pairs, 3,024 bridge rows, and 0 errors. Removing the sorted-pureCE source history reduced final-logit contrast by 10.03 at layer 27 and 6.31 at layer 24 for one highlighted source; aggregate layer-27/layer-24 reductions were about 6.23/4.77. This supports a source-history contribution, not a unique coordinate-locality explanation.	Use the bounded next-probe guidance in 02_coverage_ledger_mechanism.md; do not repeat the historical arm without changing its declared discriminator.
COV-002	02_coverage_ledger_mechanism.md	hidden accessibility is not final-output causality	historical_selected_evidence	Claim paragraph and evidence tables in 02_coverage_ledger_mechanism.md	source_coverage.tsv#output:9b5582fe7c906fac24460d529db426b569d4b5838dcb153db9680b4625e51b40;source_coverage.tsv#output:9b41553678cfcb7278842a6b533b0f6d05b61b0934279f9cda44f15e4cab33b3;source_coverage.tsv#output:9284033bcf7897053d0d6d29d4fd6a37aeac0ef6b9a65ff0f4e3f5fafcb6a9ad	-	Selected historical panel; preserve the checkpoint, prefix, intervention site, metric surface, and controls stated in the owning document.	Exact artifact and recovery handles are listed under COV-002 in 02_coverage_ledger_mechanism.md.	The bridge explicitly compares `hidden_direct_lm_head`, `hidden_final_norm_lm_head`, and actual `final_logits`. A patch can produce a very large direct-hidden delta while the actual final-logit delta is small or zero. For example, selected self-attention/source-history rows show hidden direct deltas in the tens to roughly 114 while final deltas are around 0–4.625. Claim hidden accessibility/readout only unless the `final_logits` row moves.	Use the bounded next-probe guidance in 02_coverage_ledger_mechanism.md; do not repeat the historical arm without changing its declared discriminator.
COV-003	02_coverage_ledger_mechanism.md	route-state transfer is available but heterogeneous	historical_selected_evidence	Claim paragraph and evidence tables in 02_coverage_ledger_mechanism.md	source_coverage.tsv#output:9b5582fe7c906fac24460d529db426b569d4b5838dcb153db9680b4625e51b40;source_coverage.tsv#output:9b41553678cfcb7278842a6b533b0f6d05b61b0934279f9cda44f15e4cab33b3;source_coverage.tsv#output:cab50bfad66fea861b9a5cc7bce06355490ee248bccee90ee881ea14c63c7ddd	-	Selected historical panel; preserve the checkpoint, prefix, intervention site, metric surface, and controls stated in the owning document.	Exact artifact and recovery handles are listed under COV-003 in 02_coverage_ledger_mechanism.md.	The route-state transfer summary contains 45 pairs, 1,440 rows, and 0 errors. The source-minus-target patch often moves the target toward an available coordinate bin, but sign, layer, slot, and alpha behavior vary; it is not a route-equivalence proof.	Use the bounded next-probe guidance in 02_coverage_ledger_mechanism.md; do not repeat the historical arm without changing its declared discriminator.
COV-004	02_coverage_ledger_mechanism.md	coordinate rowspace is accessible but not canonical	historical_selected_evidence	Claim paragraph and evidence tables in 02_coverage_ledger_mechanism.md	source_coverage.tsv#output:1e53a88d4833728459d3669a3e222c96dd40c3ae580a2f44aad310389f8839b6;source_coverage.tsv#output:9b5582fe7c906fac24460d529db426b569d4b5838dcb153db9680b4625e51b40;source_coverage.tsv#output:9284033bcf7897053d0d6d29d4fd6a37aeac0ef6b9a65ff0f4e3f5fafcb6a9ad	-	Selected historical panel; preserve the checkpoint, prefix, intervention site, metric surface, and controls stated in the owning document.	Exact artifact and recovery handles are listed under COV-004 in 02_coverage_ledger_mechanism.md.	The coordinate-rowspace aggregate has 3,024 rows, three 864-row panels, and three 144-row dose panels. It supports accessible, heterogeneous coordinate directions (for example, selected layer-27 effective deltas of +3.625 and +3.5), not a single universal coordinate subspace or route.	Use the bounded next-probe guidance in 02_coverage_ledger_mechanism.md; do not repeat the historical arm without changing its declared discriminator.
COV-005	02_coverage_ledger_mechanism.md	visual bridge and source-transplant effects remain selected-case evidence	historical_selected_evidence	Claim paragraph and evidence tables in 02_coverage_ledger_mechanism.md	source_coverage.tsv#output:2264dc8a0993aef624f48790e2174553c2a6309f51e343f88bc3f5a111275d74;source_coverage.tsv#output:9284033bcf7897053d0d6d29d4fd6a37aeac0ef6b9a65ff0f4e3f5fafcb6a9ad;source_coverage.tsv#output:9b5582fe7c906fac24460d529db426b569d4b5838dcb153db9680b4625e51b40	-	Selected historical panel; preserve the checkpoint, prefix, intervention site, metric surface, and controls stated in the owning document.	Exact artifact and recovery handles are listed under COV-005 in 02_coverage_ledger_mechanism.md.	Visual-bridge mediation and source-transplant summaries can show recovery or rank movement on anchors, but extreme single cases are unstable and do not establish population mediation.	Use the bounded next-probe guidance in 02_coverage_ledger_mechanism.md; do not repeat the historical arm without changing its declared discriminator.
DUP-001	04_autoregressive_duplication_capsule.md	a selected pre-onset routing signal is strong	historical_selected_evidence	Claim paragraph and evidence tables in 04_autoregressive_duplication_capsule.md	source_coverage.tsv#output:fc646a196b9b9bfed7f0cc0af41304583b986f15a568eac3a5bdae97ed190822;source_coverage.tsv#output:94107d4c5555504fa8c08dba5834700a55e4689fa3e192b9b072e044ae8e8a74;source_coverage.tsv#output:f7a9640fbaf29cc726d99a19e5b5aa003503f98970c717a1ffc65bcbeb9c886c	-	Selected historical panel; preserve the checkpoint, prefix, intervention site, metric surface, and controls stated in the owning document.	Exact artifact and recovery handles are listed under DUP-001 in 04_autoregressive_duplication_capsule.md.	The phase-2 attention report has 17,584 source-attention rows, 1,496 zero-token rows skipped, and 240 head-contrast rows. In the highlighted `none_latest_ckpt32`, record 33, L17H1, `post_y1/pre_x2` case, duplicate density is 0.42748358; comparable no-align and aux cases are 0.39479090 and 0.35513485. The report calls these candidate routing heads, not causal heads.	Use the bounded next-probe guidance in 04_autoregressive_duplication_capsule.md; do not repeat the historical arm without changing its declared discriminator.
DUP-002	04_autoregressive_duplication_capsule.md	onset is phase- and checkpoint-dependent	historical_selected_evidence	Claim paragraph and evidence tables in 04_autoregressive_duplication_capsule.md	source_coverage.tsv#output:fc646a196b9b9bfed7f0cc0af41304583b986f15a568eac3a5bdae97ed190822;source_coverage.tsv#output:94107d4c5555504fa8c08dba5834700a55e4689fa3e192b9b072e044ae8e8a74;source_coverage.tsv#output:f7a9640fbaf29cc726d99a19e5b5aa003503f98970c717a1ffc65bcbeb9c886c	-	Selected historical panel; preserve the checkpoint, prefix, intervention site, metric surface, and controls stated in the owning document.	Exact artifact and recovery handles are listed under DUP-002 in 04_autoregressive_duplication_capsule.md.	The pre-onset panel has 1,256 coordinate rows, 192 coordinate summaries, 384 attention summaries, and 192 masking summaries. Example alignment probability/rank: aligner `post_y1/pre_x2`, offset −1, 0.182718/rank 5.4; no-align same phase, offset −2, 0.061681/rank 17.2. These are selected-window precursors.	Use the bounded next-probe guidance in 04_autoregressive_duplication_capsule.md; do not repeat the historical arm without changing its declared discriminator.
DUP-003	04_autoregressive_duplication_capsule.md	Q/K route changes dominate a selected case, but output recovery is small	historical_selected_evidence	Claim paragraph and evidence tables in 04_autoregressive_duplication_capsule.md	source_coverage.tsv#output:94107d4c5555504fa8c08dba5834700a55e4689fa3e192b9b072e044ae8e8a74;source_coverage.tsv#output:f7a9640fbaf29cc726d99a19e5b5aa003503f98970c717a1ffc65bcbeb9c886c;source_coverage.tsv#output:a7030fe602b7c6c68ea39dae882911eed0a33d9888dbb74040d175a88ea3bd0a	-	Selected historical panel; preserve the checkpoint, prefix, intervention site, metric surface, and controls stated in the owning document.	Exact artifact and recovery handles are listed under DUP-003 in 04_autoregressive_duplication_capsule.md.	In record 33 `post_y1/pre_x2`, Q/K rows show attention-mass delta +0.415218 and score delta +4.15748. Score-bias proxy recovery is only +0.010221 probability; direct key+value state patch +0.0100274; value-only −0.0000683. Downstream self-attention output recovery is +0.0127848 total or +0.0143284 route-only, while post-attention normalization is negative (−0.0053063 total).	Use the bounded next-probe guidance in 04_autoregressive_duplication_capsule.md; do not repeat the historical arm without changing its declared discriminator.
DUP-004	04_autoregressive_duplication_capsule.md	the projected duplicate direction is not a clean target basis	historical_selected_evidence	Claim paragraph and evidence tables in 04_autoregressive_duplication_capsule.md	source_coverage.tsv#output:f7a9640fbaf29cc726d99a19e5b5aa003503f98970c717a1ffc65bcbeb9c886c;source_coverage.tsv#output:94107d4c5555504fa8c08dba5834700a55e4689fa3e192b9b072e044ae8e8a74;source_coverage.tsv#output:fc646a196b9b9bfed7f0cc0af41304583b986f15a568eac3a5bdae97ed190822	-	Selected historical panel; preserve the checkpoint, prefix, intervention site, metric surface, and controls stated in the owning document.	Exact artifact and recovery handles are listed under DUP-004 in 04_autoregressive_duplication_capsule.md.	In the selected projection cancellation case, duplicate-basin projected target fraction is 15.9077 but projected target cosine is only 0.0342665. Large projection magnitude therefore cannot be read as target alignment.	Use the bounded next-probe guidance in 04_autoregressive_duplication_capsule.md; do not repeat the historical arm without changing its declared discriminator.
DUP-005	04_autoregressive_duplication_capsule.md	broad masking does not establish a universal causal mask	historical_selected_evidence	Claim paragraph and evidence tables in 04_autoregressive_duplication_capsule.md	source_coverage.tsv#output:94107d4c5555504fa8c08dba5834700a55e4689fa3e192b9b072e044ae8e8a74;source_coverage.tsv#output:fc646a196b9b9bfed7f0cc0af41304583b986f15a568eac3a5bdae97ed190822;source_coverage.tsv#output:f7a9640fbaf29cc726d99a19e5b5aa003503f98970c717a1ffc65bcbeb9c886c	-	Selected historical panel; preserve the checkpoint, prefix, intervention site, metric surface, and controls stated in the owning document.	Exact artifact and recovery handles are listed under DUP-005 in 04_autoregressive_duplication_capsule.md.	Phase-3 mean mask probability deltas are negative for all listed checkpoints: aligner −0.00062, aux −0.00142, no-align −0.00185, and none −0.00292. Rank changes are mixed. The visual-causal score is a prioritization heuristic, not an independent causal estimator.	Use the bounded next-probe guidance in 04_autoregressive_duplication_capsule.md; do not repeat the historical arm without changing its declared discriminator.
GRPS-001	03_gaussian_rps_mechanistic_round.md	validity is limited	historical_diagnostic	Claim paragraph and evidence tables in 03_gaussian_rps_mechanistic_round.md	source_coverage.tsv#output:32f0720feeb4065d3c7ddf78fcce20da0bf0d96da763c822d61d1b991b7c1d9b;source_coverage.tsv#output:c7a94ae5232319d5d6ee54dca773f3d8eb41c0101e51991ded0fc41efa596e13;source_coverage.tsv#output:bd571a7da7175ac50b67bf16eb1477ff35d0d5002f9beaf0e449732a8a11c420	-	Selected historical panel; preserve the checkpoint, prefix, intervention site, metric surface, and controls stated in the owning document.	Exact artifact and recovery handles are listed under GRPS-001 in 03_gaussian_rps_mechanistic_round.md.	Four runs have Gate 0 `ok`; pure-CE sorted has Gate 0 `fail`. Every listed run has Gate 0b `warning` and effective metric family `debug-f1ish-only`. All reports set `production_training_recommendation: none` and explicitly prohibit H1–H5 or production-training claims.	Use the bounded next-probe guidance in 03_gaussian_rps_mechanistic_round.md; do not repeat the historical arm without changing its declared discriminator.
GRPS-002	03_gaussian_rps_mechanistic_round.md	token health dominates interpretation	historical_diagnostic	Claim paragraph and evidence tables in 03_gaussian_rps_mechanistic_round.md	source_coverage.tsv#output:32f0720feeb4065d3c7ddf78fcce20da0bf0d96da763c822d61d1b991b7c1d9b;source_coverage.tsv#output:c7a94ae5232319d5d6ee54dca773f3d8eb41c0101e51991ded0fc41efa596e13;source_coverage.tsv#output:bd571a7da7175ac50b67bf16eb1477ff35d0d5002f9beaf0e449732a8a11c420	-	Selected historical panel; preserve the checkpoint, prefix, intervention site, metric surface, and controls stated in the owning document.	Exact artifact and recovery handles are listed under GRPS-002 in 03_gaussian_rps_mechanistic_round.md.	Pure CE has 200/200 traces ending at `<|im_end|>` with zero tokens after the first end marker. Prefix sorted has 25,113 tokens after the first end marker and 25,113 end-of-text events; ledger pre-merge has 27,740/27,740; ledger post-merge 23,390/23,390; Gaussian RPS 26,640/26,640. These are materially different continuation regimes.	Use the bounded next-probe guidance in 03_gaussian_rps_mechanistic_round.md; do not repeat the historical arm without changing its declared discriminator.
GRPS-003	03_gaussian_rps_mechanistic_round.md	raw/guarded counts are descriptive only	historical_diagnostic	Claim paragraph and evidence tables in 03_gaussian_rps_mechanistic_round.md	source_coverage.tsv#output:32f0720feeb4065d3c7ddf78fcce20da0bf0d96da763c822d61d1b991b7c1d9b;source_coverage.tsv#output:c7a94ae5232319d5d6ee54dca773f3d8eb41c0101e51991ded0fc41efa596e13;source_coverage.tsv#output:bd571a7da7175ac50b67bf16eb1477ff35d0d5002f9beaf0e449732a8a11c420	-	Selected historical panel; preserve the checkpoint, prefix, intervention site, metric surface, and controls stated in the owning document.	Exact artifact and recovery handles are listed under GRPS-003 in 03_gaussian_rps_mechanistic_round.md.	Pure CE: 1,458 raw and 1,191 guarded predictions, under/equal/over images 67/88/45. Prefix sorted: 1,099/872 and 87/75/38. Ledger pre-merge: 1,377/1,086 and 81/83/36. Ledger post-merge: 1,326/1,070 and 78/85/37. Gaussian RPS: 1,399/1,128 and 75/88/37.	Use the bounded next-probe guidance in 03_gaussian_rps_mechanistic_round.md; do not repeat the historical arm without changing its declared discriminator.
GRPS-004	03_gaussian_rps_mechanistic_round.md	no Gaussian superiority claim survives the gates	historical_diagnostic	Claim paragraph and evidence tables in 03_gaussian_rps_mechanistic_round.md	source_coverage.tsv#output:32f0720feeb4065d3c7ddf78fcce20da0bf0d96da763c822d61d1b991b7c1d9b;source_coverage.tsv#output:c7a94ae5232319d5d6ee54dca773f3d8eb41c0101e51991ded0fc41efa596e13;source_coverage.tsv#output:bd571a7da7175ac50b67bf16eb1477ff35d0d5002f9beaf0e449732a8a11c420	-	Selected historical panel; preserve the checkpoint, prefix, intervention site, metric surface, and controls stated in the owning document.	Exact artifact and recovery handles are listed under GRPS-004 in 03_gaussian_rps_mechanistic_round.md.	The reports provide comparable descriptive counts, not a valid population metric or a production recommendation. Differences may reflect checkpoint, prompt, continuation, guard, and artifact-health changes.	Use the bounded next-probe guidance in 03_gaussian_rps_mechanistic_round.md; do not repeat the historical arm without changing its declared discriminator.
INFER-001	10_inference_evaluation_and_artifact_lessons.md	A high AP row is accepted without checking raw generation	reusable_lesson	`progress/benchmarks/2026-07-03_coord_token_val200_benchmark.md`; 79 metric roots and 60 coordinate-token/compact-full val200 rows were censused.	source_coverage.tsv#progress:6da69c51d288777bd3715da594d0ffb752d9f66b4e9688b6f00b39fda72cde44;source_coverage.tsv#output:e8e5292758323cd736a55dc68c5bf567ae7cd66ff313e50da31a663c8f9875e1;source_coverage.tsv#progress:d36a0479cfa57ff1fd4422f4da67fcd27ed96eba23a4cfaaf8ac5de680d47084	-	Require raw rollout, `summary`, resolved config, confidence post-op, duplicate report, and evaluator inputs. If any are missing, downgrade the claim.	`progress/benchmarks/2026-07-03_coord_token_val200_benchmark.md`; 79 metric roots and 60 coordinate-token/compact-full val200 rows were censused.	Reusable artifact rule; current paths belong to `docs/eval/WORKFLOW.md`.	Reapply the reusable guard in 10_inference_evaluation_and_artifact_lessons.md and verify it against the current owner before execution.
INFER-002	10_inference_evaluation_and_artifact_lessons.md	Grammar-constrained output is interpreted as natural rollout behavior	reusable_lesson	Historical free-decode diagnostics and painted-GT decode contract.	source_coverage.tsv#progress:d36a0479cfa57ff1fd4422f4da67fcd27ed96eba23a4cfaaf8ac5de680d47084;source_coverage.tsv#progress:b719064e39af1f944ad13e601880a58c94ff283044a09b033cc4f8b62af5dde5;source_coverage.tsv#progress:aece6302e216f651e3065e3c599005a02912562409b9930e97b75608d81b8f14	-	Record `decode_surface` and effective backend kwargs. Keep grammar/trie rows as sensitivity panels; do not mix them into primary free-generation gates.	Historical free-decode diagnostics and painted-GT decode contract.	Currentity depends on backend/spec; historical constrained rows are not primary evidence.	Reapply the reusable guard in 10_inference_evaluation_and_artifact_lessons.md and verify it against the current owner before execution.
INFER-003	10_inference_evaluation_and_artifact_lessons.md	Invalid or malformed rows are removed before scoring	reusable_lesson	Painted-GT decode/eval OpenSpec and native baseline benchmark.	source_coverage.tsv#progress:6da69c51d288777bd3715da594d0ffb752d9f66b4e9688b6f00b39fda72cde44;source_coverage.tsv#progress:d36a0479cfa57ff1fd4422f4da67fcd27ed96eba23a4cfaaf8ac5de680d47084;source_coverage.tsv#progress:b719064e39af1f944ad13e601880a58c94ff283044a09b033cc4f8b62af5dde5	-	Invalid, malformed, unparseable, empty, and truncated outputs remain in recall/debug denominators. Parseable-only tables are secondary diagnostics.	Painted-GT decode/eval OpenSpec and native baseline benchmark.	Reusable contract; verify implementation in the target worktree.	Reapply the reusable guard in 10_inference_evaluation_and_artifact_lessons.md and verify it against the current owner before execution.
INFER-004	10_inference_evaluation_and_artifact_lessons.md	Confidence post-op or visualization is treated as a new inference run	reusable_lesson	`docs/eval/WORKFLOW.md`; infer comparison galleries and A5/A6 poor-IoU manifests.	source_coverage.tsv#progress:753b109d7a466e439a68b7f7ac746cf6bd47bbfc3d074758d4407615a191f94b;source_coverage.tsv#progress:2fd0660273b1007c22964a5e4f37869a5360600ff276ab9331b63adc9defe492;source_coverage.tsv#progress:d36a0479cfa57ff1fd4422f4da67fcd27ed96eba23a4cfaaf8ac5de680d47084	-	Distinguish parent inference artifacts from child post-op/visualization views. Preserve parent run identity and never count transformed children as independent runs.	`docs/eval/WORKFLOW.md`; infer comparison galleries and A5/A6 poor-IoU manifests.	Current evaluation workflow rule.	Reapply the reusable guard in 10_inference_evaluation_and_artifact_lessons.md and verify it against the current owner before execution.
INFER-005	10_inference_evaluation_and_artifact_lessons.md	Val200 rows are compared despite different order, dataset, wrapper, or decode	reusable_lesson	`progress/benchmarks/stage1_2b_val200_leaderboard.md` and coordinate-token snapshot.	source_coverage.tsv#progress:aece6302e216f651e3065e3c599005a02912562409b9930e97b75608d81b8f14;source_coverage.tsv#progress:753b109d7a466e439a68b7f7ac746cf6bd47bbfc3d074758d4407615a191f94b;source_coverage.tsv#progress:2fd0660273b1007c22964a5e4f37869a5360600ff276ab9331b63adc9defe492	-	Use `comparable_group` plus dataset/slice/row-id, template/order, checkpoint/export, decode, parser, and evaluator identity. Reject cross-group topline claims.	`progress/benchmarks/stage1_2b_val200_leaderboard.md` and coordinate-token snapshot.	Reusable registry rule.	Reapply the reusable guard in 10_inference_evaluation_and_artifact_lessons.md and verify it against the current owner before execution.
INFER-006	10_inference_evaluation_and_artifact_lessons.md	Duplicate predictions are described as hallucination without manual or class-aware review	reusable_lesson	`outputs/research/qwen3-vl-dense-enumeration/.../mask-reset-vs-full-bag.../manual-review.md`; Stage-2 duplication registry.	source_coverage.tsv#output:9390c0012ba1f0ba3b359b3296f118a7386eb7b0adb4b2924683ac9952631330;source_coverage.tsv#progress:d36a0479cfa57ff1fd4422f4da67fcd27ed96eba23a4cfaaf8ac5de680d47084;source_coverage.tsv#progress:b719064e39af1f944ad13e601880a58c94ff283044a09b033cc4f8b62af5dde5	-	Separate exact duplicate, near duplicate, fragmented localization, category mismatch, real unlabeled entity, and unsupported hallucination. Report exact/near thresholds and affected rows.	`outputs/research/qwen3-vl-dense-enumeration/.../mask-reset-vs-full-bag.../manual-review.md`; Stage-2 duplication registry.	Reusable taxonomy; thresholds remain study-specific.	Reapply the reusable guard in 10_inference_evaluation_and_artifact_lessons.md and verify it against the current owner before execution.
INFER-007	10_inference_evaluation_and_artifact_lessons.md	Oracle-K is treated as a deployable ensemble result	reusable_lesson	`progress/benchmarks/2026-03-11_stage2_oracle_k_first200.md` and current evaluation workflow.	source_coverage.tsv#progress:b719064e39af1f944ad13e601880a58c94ff283044a09b033cc4f8b62af5dde5;source_coverage.tsv#progress:d36a0479cfa57ff1fd4422f4da67fcd27ed96eba23a4cfaaf8ac5de680d47084;source_coverage.tsv#progress:6da69c51d288777bd3715da594d0ffb752d9f66b4e9688b6f00b39fda72cde44	-	Oracle-K is additive support/recoverability analysis. Preserve baseline-FN denominator, K, temperature/seed arms, record order, and `ever_recovered`/`recover_fraction`; do not call it single-decode quality.	`progress/benchmarks/2026-03-11_stage2_oracle_k_first200.md` and current evaluation workflow.	Historical and current workflow distinction.	Reapply the reusable guard in 10_inference_evaluation_and_artifact_lessons.md and verify it against the current owner before execution.
INFER-008	10_inference_evaluation_and_artifact_lessons.md	A sampling or repetition-penalty sweep is generalized from one checkpoint	reusable_lesson	`progress/benchmarks/2026-03-11_stage2_rollout_temperature_refinement.md`; native text-coordinate sweep.	source_coverage.tsv#progress:d36a0479cfa57ff1fd4422f4da67fcd27ed96eba23a4cfaaf8ac5de680d47084;source_coverage.tsv#progress:88e9b9c55b39481b10ee3fda7684edce4559314ee0ca73440a5ea4ec1ddd1dfa;source_coverage.tsv#progress:4edf975bda903e39b43ac1f6e3c5c7fcfde02879baac9a465a7cf7f7d95652de	-	Keep checkpoint, subset, seed, batch, max tokens, stop policy, and parser fixed. Decode policy is a factor, not a universal recommendation.	`progress/benchmarks/2026-03-11_stage2_rollout_temperature_refinement.md`; native text-coordinate sweep.	Reusable experimental-design lesson.	Reapply the reusable guard in 10_inference_evaluation_and_artifact_lessons.md and verify it against the current owner before execution.
INFER-009	10_inference_evaluation_and_artifact_lessons.md	Row-level visualization is promoted to population evidence	reusable_lesson	Infer `vis_poor_raw_iou50_top12/manifest.md` and painted-GT route reports.	source_coverage.tsv#output:8b013cf114d40ac02215ffb134720f5ce3e831beed090fec7731899048c85256;source_coverage.tsv#output:01b2dee2ab21101a0385d5554e95ac91e0f94bba571353c3116001d20a058d6a;source_coverage.tsv#progress:e4d6cd12db604a423e1671b26651e73c19b5738dbc5d36779db0d194b96661f5	-	Galleries and no-GPU route reports are selection/diagnostic receipts. They need population metrics, denominators, and matching rules before supporting a broad claim.	Infer `vis_poor_raw_iou50_top12/manifest.md` and painted-GT route reports.	Receipt-vs-result boundary.	Reapply the reusable guard in 10_inference_evaluation_and_artifact_lessons.md and verify it against the current owner before execution.
INFER-010	10_inference_evaluation_and_artifact_lessons.md	A self-prefix improvement claim lacks a frozen paired baseline	reusable_lesson	Painted-GT decode/eval OpenSpec; current research-unit contracts.	source_coverage.tsv#progress:d36a0479cfa57ff1fd4422f4da67fcd27ed96eba23a4cfaaf8ac5de680d47084;source_coverage.tsv#progress:b719064e39af1f944ad13e601880a58c94ff283044a09b033cc4f8b62af5dde5;source_coverage.tsv#progress:aece6302e216f651e3065e3c599005a02912562409b9930e97b75608d81b8f14	-	Require matched slice, schedule, source, model/tokenizer/processor, decode, and condition identities. Without frozen self-prefix, report safety only, not improvement/degradation.	Painted-GT decode/eval OpenSpec; current research-unit contracts.	Contract reference; execution must be revalidated.	Reapply the reusable guard in 10_inference_evaluation_and_artifact_lessons.md and verify it against the current owner before execution.
LEGACY-001	12_legacy_design_lineage.md	Historical Stage-1 JSON/coordinate-token SFT with softCE, W1, and gate	historical_lineage	Executed historical training and val200 notes; source `progress/pretrain/stage1_foundation.md` and Stage-1 benchmark notes.	source_coverage.tsv#progress:23fa91b8ad3e32f0bb21e5d124d3e24730fd1f6a981fcc63205be9c9f9b7ecd1;source_coverage.tsv#output:ec1c32dd7391e7cc05c88268e43414944d3ce1a72fc4b46f6cbf7362286e11f5;source_coverage.tsv#output:ceb01eec05fd9ba111bf5ee84118ac78142de76040d8b3261ce1c98b23a2e85c	-	Data/order/label-mask/loss vocabulary and the teacher-forcing vs free-rollout distinction.	Executed historical training and val200 notes; source `progress/pretrain/stage1_foundation.md` and Stage-1 benchmark notes.	Old config paths, model sizes, and scalar values are not current defaults.	Revalidate the reusable part against current docs/spec authority before reviving this lineage.
LEGACY-002	12_legacy_design_lineage.md	Old compact recursive-detection and prefix-roll-in families	historical_lineage	Both planning/contract docs and executed benchmark rows exist; current training router distinguishes production comparator, ablation, and legacy bridge.	source_coverage.tsv#progress:23fa91b8ad3e32f0bb21e5d124d3e24730fd1f6a981fcc63205be9c9f9b7ecd1;source_coverage.tsv#output:ec1c32dd7391e7cc05c88268e43414944d3ce1a72fc4b46f6cbf7362286e11f5;source_coverage.tsv#output:dfba8108b9185e0909f41ead75c64e8b2a35ec68e21003a84b0393b915fdb880	-	Comparable-group discipline, EOS/continuation failure taxonomy, and explicit packing support status.	Both planning/contract docs and executed benchmark rows exist; current training router distinguishes production comparator, ablation, and legacy bridge.	A proposal or ablation config is not production behavior; empirical EOS priors and removed routes must not be copied.	Revalidate the reusable part against current docs/spec authority before reviving this lineage.
LEGACY-003	12_legacy_design_lineage.md	Stage-2 `stage2_ab` / rollout-matching design line	historical_lineage	Historical `progress/benchmarks` and diagnostics are executed; current `docs/training/STAGE2_RUNBOOK.md` is the current owner.	source_coverage.tsv#progress:23fa91b8ad3e32f0bb21e5d124d3e24730fd1f6a981fcc63205be9c9f9b7ecd1;source_coverage.tsv#progress:8f1ded4e1beeee74cbeac7f1da67a906c937a542ee4bca06341540d855cde4eb;source_coverage.tsv#progress:8714b5aee8945a7337e3d506029639ed5e3a366f4d0bebce54ef5f7cef4a5566	-	Channel-A/Channel-B conceptual vocabulary, rollout-aligned diagnostics, and failure counters.	Historical `progress/benchmarks` and diagnostics are executed; current `docs/training/STAGE2_RUNBOOK.md` is the current owner.	Old `n_softctx_iter`, soft-context, or decode knobs are not current entrypoints without revalidation.	Revalidate the reusable part against current docs/spec authority before reviving this lineage.
LEGACY-004	12_legacy_design_lineage.md	Stage-2 unlikelihood and pseudo-positive experiments	historical_lineage	Executed checkpoints and diagnostics; one UL capture bug was fixed between related runs.	source_coverage.tsv#progress:23fa91b8ad3e32f0bb21e5d124d3e24730fd1f6a981fcc63205be9c9f9b7ecd1;source_coverage.tsv#progress:15b5f204034cca7ffe9b7734ec72583a29ecbfa81cfca552592bc20e91a99ca7;source_coverage.tsv#progress:14a957a60712bef5bb32b40aacd1e6dafa452a5b58f3107f84d37bb1c8c2efb9	-	Need to record capture-version, candidate validity, and rollout denominators.	Executed checkpoints and diagnostics; one UL capture bug was fixed between related runs.	The post-fix v2 result cannot be attributed to the objective alone when pre-fix capture and truncation differed.	Revalidate the reusable part against current docs/spec authority before reviving this lineage.
LEGACY-005	12_legacy_design_lineage.md	Oracle-K and temperature sweeps	historical_lineage	Executed additive analyses with fixed first-200 slices; planning notes propose follow-up controls.	source_coverage.tsv#progress:23fa91b8ad3e32f0bb21e5d124d3e24730fd1f6a981fcc63205be9c9f9b7ecd1;source_coverage.tsv#progress:452290b4caef52a6aae80cf5fa2e5387464d2de2930e848336737cc8b40f1ca0;source_coverage.tsv#output:f6f9af7ca6fbd024cc303dcb151b8b08124c6471d5c155f873cc7599dc355355	-	Recoverable-vs-systematic FN split and diversity as a probe of latent support.	Executed additive analyses with fixed first-200 slices; planning notes propose follow-up controls.	Best-of-K is not a single-decode detector, and a temperature from one checkpoint is not a global policy.	Revalidate the reusable part against current docs/spec authority before reviving this lineage.
LEGACY-006	12_legacy_design_lineage.md	Painted-GT transcription/steering proposal	historical_lineage	OpenSpec/design/tasks contain intended contract; output reports contain bounded executed route/debug evidence; several larger gates remain planning or not promoted.	source_coverage.tsv#progress:23fa91b8ad3e32f0bb21e5d124d3e24730fd1f6a981fcc63205be9c9f9b7ecd1;source_coverage.tsv#output:2860abd12bc4395ca0cb2fd2af9582eb6c46a7e8e8525d0f6871b56a831af4bd;source_coverage.tsv#output:b8aaf19560eac67e44a570f8c3663717d10fb9bf3688ad76d160e95ff9782ab9	-	Offline materialization, geometry audit, raw-prefix preservation, control identities, denominator-bearing debug metrics.	OpenSpec/design/tasks contain intended contract; output reports contain bounded executed route/debug evidence; several larger gates remain planning or not promoted.	OpenSpec “SHALL” text is not proof that a GPU gate ran; route reports are not final mAP or architecture promotion.	Revalidate the reusable part against current docs/spec authority before reviving this lineage.
LEGACY-007	12_legacy_design_lineage.md	Model-card, smoke-checkpoint, and visualization-manifest surfaces	historical_lineage	Physically present output receipts, often generic or selection-only.	source_coverage.tsv#progress:23fa91b8ad3e32f0bb21e5d124d3e24730fd1f6a981fcc63205be9c9f9b7ecd1;source_coverage.tsv#output:5347f691fbe5dfaf00af96ccecffc8b8366a4a77bf52f514de26cc20355a2ccf;source_coverage.tsv#output:4eb5c7385b1e7914fa3c1257f9a925e4a9560e9da6ffcc509c789a6cf5f8b0a6	-	Provenance handles, checkpoint/base metadata, selected-image indices, and artifact paths.	Physically present output receipts, often generic or selection-only.	A generic README or gallery does not establish training settings, population metrics, or causal mechanism.	Revalidate the reusable part against current docs/spec authority before reviving this lineage.
PFX-001	06_prefix_history_and_route_capsule.md	route attribution is prefix- and model-dependent	historical_selected_evidence	Claim paragraph and evidence tables in 06_prefix_history_and_route_capsule.md	source_coverage.tsv#output:c1d32dc97c4abd2dfb738f9bcff0c4787969b82d32b04e201cd8c3290e5d53d5;source_coverage.tsv#output:ec851fc88a6899577a2c5b114d31d68a6a7f47d20ee62e55d266565cf6495c9a;source_coverage.tsv#output:99b4ccc3dc564bcc30537fcad7fee5d21ec9d17f33b2daeaee6b2b5dd49be86b	-	Selected historical panel; preserve the checkpoint, prefix, intervention site, metric surface, and controls stated in the owning document.	Exact artifact and recovery handles are listed under PFX-001 in 06_prefix_history_and_route_capsule.md.	The v7 image-2157 knife x2 reduction reported random `all_prefix +0.3525`, `current_box_start +0.2399`, and `current_partial +0.2289`, while sorted gave `all_prefix +0.0312` and `current_box_start +0.0675`, and pure CE gave `all_prefix −0.1097` and `current_box_start −0.1403`. These incompatible signs falsify a universal box-start anchor.	Use the bounded next-probe guidance in 06_prefix_history_and_route_capsule.md; do not repeat the historical arm without changing its declared discriminator.
PFX-002	06_prefix_history_and_route_capsule.md	v7 is superseded by a prefix-position error	historical_selected_evidence	Claim paragraph and evidence tables in 06_prefix_history_and_route_capsule.md	source_coverage.tsv#output:c1d32dc97c4abd2dfb738f9bcff0c4787969b82d32b04e201cd8c3290e5d53d5;source_coverage.tsv#output:ec851fc88a6899577a2c5b114d31d68a6a7f47d20ee62e55d266565cf6495c9a;source_coverage.tsv#output:99b4ccc3dc564bcc30537fcad7fee5d21ec9d17f33b2daeaee6b2b5dd49be86b	-	Selected historical panel; preserve the checkpoint, prefix, intervention site, metric surface, and controls stated in the owning document.	Exact artifact and recovery handles are listed under PFX-002 in 06_prefix_history_and_route_capsule.md.	The v7 route map ended at `<|box_start|>` rather than after forced x1/y1. The v9 prefix-fixed reduction is the usable comparison: random `prompt_non_image +0.1401`, `current_box_start −0.0104`, `current_forced_coords −0.0379`, `all_prefix +0.0235`; sorted `all_prefix −0.0143`, `current_box_start +0.0003`, `current_forced_coords +0.0438`. Any v7 causal wording must be marked superseded.	Use the bounded next-probe guidance in 06_prefix_history_and_route_capsule.md; do not repeat the historical arm without changing its declared discriminator.
PFX-003	06_prefix_history_and_route_capsule.md	same-prefix bridge movement is mostly near-target steering, not exact repair	historical_selected_evidence	Claim paragraph and evidence tables in 06_prefix_history_and_route_capsule.md	source_coverage.tsv#output:c1d32dc97c4abd2dfb738f9bcff0c4787969b82d32b04e201cd8c3290e5d53d5;source_coverage.tsv#output:ec851fc88a6899577a2c5b114d31d68a6a7f47d20ee62e55d266565cf6495c9a;source_coverage.tsv#output:99b4ccc3dc564bcc30537fcad7fee5d21ec9d17f33b2daeaee6b2b5dd49be86b	-	Selected historical panel; preserve the checkpoint, prefix, intervention site, metric surface, and controls stated in the owning document.	Exact artifact and recovery handles are listed under PFX-003 in 06_prefix_history_and_route_capsule.md.	In image 19432 x2 GT>5 group intervention, random bridge rows are 21 with 0 flips, 18/21 within one coordinate bin, and 21/21 rank and margin improved; sorted has 2/21 flips and 19/21 within one; pure CE has 0/21 flips and 21/21 within one. Direct 7-row probes have no flips. This is strong local steering evidence with sparse exact correction.	Use the bounded next-probe guidance in 06_prefix_history_and_route_capsule.md; do not repeat the historical arm without changing its declared discriminator.
PFX-004	06_prefix_history_and_route_capsule.md	visual-value reduction is descriptive and weakly generalizing	historical_selected_evidence	Claim paragraph and evidence tables in 06_prefix_history_and_route_capsule.md	source_coverage.tsv#output:c1d32dc97c4abd2dfb738f9bcff0c4787969b82d32b04e201cd8c3290e5d53d5;source_coverage.tsv#output:ec851fc88a6899577a2c5b114d31d68a6a7f47d20ee62e55d266565cf6495c9a;source_coverage.tsv#output:e85506a6b3c2a1ffba63508b457c30c3140e26ece96c630303b138d198d4404a	-	Selected historical panel; preserve the checkpoint, prefix, intervention site, metric surface, and controls stated in the owning document.	Exact artifact and recovery handles are listed under PFX-004 in 06_prefix_history_and_route_capsule.md.	The reducer changes train 121→120 rows with 10 top-1 flips and 58 conflicts; validation 361→360 with 0 top-1 flips and 105 conflicts. It is explicitly post-hoc, not a learned or causal visual-value rule.	Use the bounded next-probe guidance in 06_prefix_history_and_route_capsule.md; do not repeat the historical arm without changing its declared discriminator.
PFX-005	06_prefix_history_and_route_capsule.md	termination signatures are real but not stop causality	historical_selected_evidence	Claim paragraph and evidence tables in 06_prefix_history_and_route_capsule.md	source_coverage.tsv#output:c1d32dc97c4abd2dfb738f9bcff0c4787969b82d32b04e201cd8c3290e5d53d5;source_coverage.tsv#output:ec851fc88a6899577a2c5b114d31d68a6a7f47d20ee62e55d266565cf6495c9a;source_coverage.tsv#output:99b4ccc3dc564bcc30537fcad7fee5d21ec9d17f33b2daeaee6b2b5dd49be86b	-	Selected historical panel; preserve the checkpoint, prefix, intervention site, metric surface, and controls stated in the owning document.	Exact artifact and recovery handles are listed under PFX-005 in 06_prefix_history_and_route_capsule.md.	The termination reducer compresses 102 source rows to 7 signatures: 3 late-stop flips, 2 continue basins, and 2 knife-edge boundaries. Example final stop margins are +1.875 and 0.0, but this atlas does not show that the intervention caused stopping; the broader binding continuation tables often remain `max_steps`.	Use the bounded next-probe guidance in 06_prefix_history_and_route_capsule.md; do not repeat the historical arm without changing its declared discriminator.
RESULT-001	11_historical_result_registry.md	Mixed objective was strongest among three historical Stage-1 4B objective families	historical_result	COCO-80 val200; soft CE only, pure CE only, mixed hard CE + soft CE; nominal 768/1024 presets with same underlying 640×640 images.	source_coverage.tsv#progress:184ae03c30fb80e72ce36ef2ed7ed93760214dff3a1c694dfb63cd69e6cd47dc;source_coverage.tsv#progress:1700628808d4a60edc210cd670332848b5b9a69ce5473978e4ea5e90eece3094;source_coverage.tsv#progress:8cc693c955b721a0aa97d3e9920f559ad99b1c75c6cc32e38a749826d0919cde	-	Historical result; not a resolution ablation. `stage1_4b_coco80_objective_comparison`	COCO-80 val200; soft CE only, pure CE only, mixed hard CE + soft CE; nominal 768/1024 presets with same underlying 640×640 images.	`progress/stage1_coco80_eval_4b_ckpts_768_vs_1024_2026-02-26.md`; historical `output/bench/*` roots.	Run only a matched follow-up inside comparable group Historical result; not a resolution ablation. `stage1_4b_coco80_objective_comparison` with raw artifacts and declared denominators.
RESULT-002	11_historical_result_registry.md	Mixed-objective coord-token checkpoint 1332 reached the strongest historical coordinate-token val200 AP in the snapshot	historical_result	COCO 1024 val200; checkpoint 1332, repetition-penalty sweep.	source_coverage.tsv#progress:8cc693c955b721a0aa97d3e9920f559ad99b1c75c6cc32e38a749826d0919cde;source_coverage.tsv#progress:6da69c51d288777bd3715da594d0ffb752d9f66b4e9688b6f00b39fda72cde44;source_coverage.tsv#progress:406d4df46f02b3f8e65639aa1c7dd8fc1f6cee1bb7504bef55440489b8132633	-	Historical snapshot; group `coord_token_rp_sweep`.	COCO 1024 val200; checkpoint 1332, repetition-penalty sweep.	`progress/benchmarks/2026-07-03_coord_token_val200_benchmark.md`; infer root named in its table.	Run only a matched follow-up inside comparable group Historical snapshot; group `coord_token_rp_sweep`. with raw artifacts and declared denominators.
RESULT-003	11_historical_result_registry.md	Coverage-ledger postmerge aligner DoRA checkpoint 928 was the strongest listed closed-wrapper/compact-full row in that snapshot	historical_result	COCO 1024 `bbox_max60`, compact-object-box-closed, sorted, val200, checkpoint 928.	source_coverage.tsv#progress:8cc693c955b721a0aa97d3e9920f559ad99b1c75c6cc32e38a749826d0919cde;source_coverage.tsv#progress:6da69c51d288777bd3715da594d0ffb752d9f66b4e9688b6f00b39fda72cde44;source_coverage.tsv#progress:406d4df46f02b3f8e65639aa1c7dd8fc1f6cee1bb7504bef55440489b8132633	-	Historical; group `compact_full_closed_wrapper`.	COCO 1024 `bbox_max60`, compact-object-box-closed, sorted, val200, checkpoint 928.	Training root and inference root are recorded at lines 109–125 of the coordinate-token benchmark snapshot.	Run only a matched follow-up inside comparable group Historical; group `compact_full_closed_wrapper`. with raw artifacts and declared denominators.
RESULT-004	11_historical_result_registry.md	CoordExp-Swift step 917 improved over its step 459 comparator on one val200 run but remained below stronger historical rows	historical_result	Qwen3-VL 2B, DoRA r16/a32, EBS64 step917 vs EBS128 step459, coordinate-token/geo-sorted val200.	source_coverage.tsv#output:e8e5292758323cd736a55dc68c5bf567ae7cd66ff313e50da31a663c8f9875e1;source_coverage.tsv#progress:6da69c51d288777bd3715da594d0ffb752d9f66b4e9688b6f00b39fda72cde44;source_coverage.tsv#progress:d36a0479cfa57ff1fd4422f4da67fcd27ed96eba23a4cfaaf8ac5de680d47084	-	Historical paired result; group `coordexp_swift_step917_vs459`.	Qwen3-VL 2B, DoRA r16/a32, EBS64 step917 vs EBS128 step459, coordinate-token/geo-sorted val200.	`progress/benchmarks/2026-07-03_coord_token_val200_benchmark.md`; infer roots in rows 74 and 78.	Run only a matched follow-up inside comparable group Historical paired result; group `coordexp_swift_step917_vs459`. with raw artifacts and declared denominators.
RESULT-005	11_historical_result_registry.md	Hard CE RP1.10 was the clean winner inside one coord-component ablation, while combined soft+hard CE was lower	historical_result	2B adapter-loaded coord tokens, COCO 1024 LVIS-proxy first 200, desc-first sorted, fixed decode except RP arm.	source_coverage.tsv#progress:3d8a00d50a1e1a047e17b3ec763ac77d35156e1c86c1c791d90e76d028abdf5f;source_coverage.tsv#progress:3cd2e3bf0aa25eafa7b1a975258410034aeca8d30fb299aad9a176fc93eda1d3;source_coverage.tsv#progress:184ae03c30fb80e72ce36ef2ed7ed93760214dff3a1c694dfb63cd69e6cd47dc	-	Historical proxy result; strict/plausible views are not standard COCO. `stage1_2b_coord_component_rp_sweep`.	2B adapter-loaded coord tokens, COCO 1024 LVIS-proxy first 200, desc-first sorted, fixed decode except RP arm.	`progress/benchmarks/2026-05-07_stage1_2b_coord_component_rp110_ablation.md`.	Run only a matched follow-up inside comparable group Historical proxy result; strict/plausible views are not standard COCO. `stage1_2b_coord_component_rp_sweep`. with raw artifacts and declared denominators.
RESULT-006	11_historical_result_registry.md	Mixed-objective checkpoint 1332 had healthy val64 output surface and bounded Oracle-K recovery	historical_result	Adapter-runtime checkpoint 1332; matched val200 plus val64 verifier/Oracle-K/recall lanes.	source_coverage.tsv#progress:8cc693c955b721a0aa97d3e9920f559ad99b1c75c6cc32e38a749826d0919cde;source_coverage.tsv#progress:406d4df46f02b3f8e65639aa1c7dd8fc1f6cee1bb7504bef55440489b8132633;source_coverage.tsv#progress:b719064e39af1f944ad13e601880a58c94ff283044a09b033cc4f8b62af5dde5	-	Historical checkpoint probe; group `mixed_objective_sota_checkpoint_probe`.	Adapter-runtime checkpoint 1332; matched val200 plus val64 verifier/Oracle-K/recall lanes.	`progress/benchmarks/2026-04-21_mixed_objective_sota_checkpoint_probe.md`; copied diagnostic artifact summaries under `progress/diagnostics/artifacts/...`.	Run only a matched follow-up inside comparable group Historical checkpoint probe; group `mixed_objective_sota_checkpoint_probe`. with raw artifacts and declared denominators.
RESULT-007	11_historical_result_registry.md	Native Qwen3-VL text-coordinate baseline improved with low-temperature sampling and RP1.10 but retained severe burst failures	historical_result	Original pretrained Qwen3-VL, explicit COCO-80 prompt, val200, eight ranks; greedy max2048 vs temp0.01 max3084 RP sweep.	source_coverage.tsv#output:e8e5292758323cd736a55dc68c5bf567ae7cd66ff313e50da31a663c8f9875e1;source_coverage.tsv#progress:d36a0479cfa57ff1fd4422f4da67fcd27ed96eba23a4cfaaf8ac5de680d47084;source_coverage.tsv#progress:6da69c51d288777bd3715da594d0ffb752d9f66b4e9688b6f00b39fda72cde44	-	Historical ecological baseline; not causal serialization evidence. `native_text_coordinate_val200`.	Original pretrained Qwen3-VL, explicit COCO-80 prompt, val200, eight ranks; greedy max2048 vs temp0.01 max3084 RP sweep.	`outputs/research/qwen3-vl-native-text-coordinate-val200/benchmark.md`.	Run only a matched follow-up inside comparable group Historical ecological baseline; not causal serialization evidence. `native_text_coordinate_val200`. with raw artifacts and declared denominators.
RESULT-008	11_historical_result_registry.md	Stage-2 `ul_res_1024-v2` had stronger best-of-K recoverability than earlier related arms but carried UL-fix and truncation confounds	historical_result	COCO first-200, K=8, four temperatures, two seeds; three related high-res Stage-2 checkpoints.	source_coverage.tsv#progress:b719064e39af1f944ad13e601880a58c94ff283044a09b033cc4f8b62af5dde5;source_coverage.tsv#progress:184ae03c30fb80e72ce36ef2ed7ed93760214dff3a1c694dfb63cd69e6cd47dc;source_coverage.tsv#progress:1700628808d4a60edc210cd670332848b5b9a69ce5473978e4ea5e90eece3094	-	Historical diagnostic; group `stage2_oracle_k_first200`.	COCO first-200, K=8, four temperatures, two seeds; three related high-res Stage-2 checkpoints.	`progress/benchmarks/2026-03-11_stage2_oracle_k_first200.md`; run roots in note.	Run only a matched follow-up inside comparable group Historical diagnostic; group `stage2_oracle_k_first200`. with raw artifacts and declared denominators.
RESULT-009	11_historical_result_registry.md	Stage-2 temperature 0.7 balanced recall/F1 and duplicate tail in a focused refinement	historical_result	`ul_res_1024-v2` checkpoint; first-200 COCO; 2 seeds per temperature.	source_coverage.tsv#progress:d36a0479cfa57ff1fd4422f4da67fcd27ed96eba23a4cfaaf8ac5de680d47084;source_coverage.tsv#progress:8cc693c955b721a0aa97d3e9920f559ad99b1c75c6cc32e38a749826d0919cde;source_coverage.tsv#progress:406d4df46f02b3f8e65639aa1c7dd8fc1f6cee1bb7504bef55440489b8132633	-	Historical policy sweep; group `stage2_temperature_refinement`.	`ul_res_1024-v2` checkpoint; first-200 COCO; 2 seeds per temperature.	`progress/benchmarks/2026-03-11_stage2_rollout_temperature_refinement.md`.	Run only a matched follow-up inside comparable group Historical policy sweep; group `stage2_temperature_refinement`. with raw artifacts and declared denominators.
RESULT-010	11_historical_result_registry.md	Stage-2 crowded small-object duplication existed at greedy decode and was severity-modulated by temperature	historical_result	Fixed checkpoint 300; broad 12-case mined cohort plus 8-case crowded `v2_bboxfix` cohort.	source_coverage.tsv#progress:1efabdb429732523cce5e7cafdf0177a7b5433874099042966bad673c149ce45;source_coverage.tsv#progress:d36a0479cfa57ff1fd4422f4da67fcd27ed96eba23a4cfaaf8ac5de680d47084;source_coverage.tsv#progress:8cc693c955b721a0aa97d3e9920f559ad99b1c75c6cc32e38a749826d0919cde	-	Historical mechanism result; group `stage2_small_object_duplication_fixed_ckpt300`.	Fixed checkpoint 300; broad 12-case mined cohort plus 8-case crowded `v2_bboxfix` cohort.	`progress/diagnostics/2026-03-26_stage2_small_object_duplication_offline_synthesis.md`; trusted root `output/analysis/ckpt300_crowded_cuda1_v2_bboxfix/`.	Run only a matched follow-up inside comparable group Historical mechanism result; group `stage2_small_object_duplication_fixed_ckpt300`. with raw artifacts and declared denominators.
S2-001	07_stage2_rollout_failure_registry.md	Channel-A iteration appeared to improve geometry stability, but the old `n_softctx_iter` arm was configuration-uncertain	historical_result	Historical `stage2_ab` Channel-A; `progress/benchmarks/2026-02-01_stage2_channel_a_infer_eval.md`; 100-row rerun and an earlier 1,000-row run.	source_coverage.tsv#progress:68ea19c9df25f03f414a6c217671ceb5ad6159074265550655432ccff84e4de7;source_coverage.tsv#progress:4b3e70e4373e419f1530cc36f6c62cb503d69cd42233718677ac998b6570a41a;source_coverage.tsv#progress:d36a0479cfa57ff1fd4422f4da67fcd27ed96eba23a4cfaaf8ac5de680d47084	-	`stage2_ab_channel_a_decode_rp_sweep`	Historical `stage2_ab` Channel-A; `progress/benchmarks/2026-02-01_stage2_channel_a_infer_eval.md`; 100-row rerun and an earlier 1,000-row run.	Historical and noisy. The note explicitly says old configs are not current entrypoints; map only through the current runbook before reuse.	Run only a matched follow-up inside comparable group `stage2_ab_channel_a_decode_rp_sweep` with raw artifacts and declared denominators.
S2-002	07_stage2_rollout_failure_registry.md	Repetition penalty can reduce catastrophic exact duplication without proving better model coverage	historical_result	Same Channel-A study; `temperature=0.1`, `top_p=0.9`, `max_new_tokens=2048`, `rp=1.1`, limit 100.	source_coverage.tsv#progress:4b3e70e4373e419f1530cc36f6c62cb503d69cd42233718677ac998b6570a41a;source_coverage.tsv#progress:d36a0479cfa57ff1fd4422f4da67fcd27ed96eba23a4cfaaf8ac5de680d47084;source_coverage.tsv#progress:68ea19c9df25f03f414a6c217671ceb5ad6159074265550655432ccff84e4de7	-	`stage2_ab_channel_a_decode_rp_sweep`	Same Channel-A study; `temperature=0.1`, `top_p=0.9`, `max_new_tokens=2048`, `rp=1.1`, limit 100.	Historical decode-control lesson, not a global default. Preserve exact/near-duplicate definitions and sample limit.	Run only a matched follow-up inside comparable group `stage2_ab_channel_a_decode_rp_sweep` with raw artifacts and declared denominators.
S2-003	07_stage2_rollout_failure_registry.md	The unlikelihood-corrected `ul_res_1024-v2` had higher Oracle-K recoverability but also long-rollout and truncation pressure	historical_result	First-200 COCO slice; `progress/benchmarks/2026-03-11_stage2_oracle_k_first200.md`; K=8, temperatures `0.2,0.5,0.8,1.0`, two seeds.	source_coverage.tsv#progress:b719064e39af1f944ad13e601880a58c94ff283044a09b033cc4f8b62af5dde5;source_coverage.tsv#progress:d36a0479cfa57ff1fd4422f4da67fcd27ed96eba23a4cfaaf8ac5de680d47084;source_coverage.tsv#progress:68ea19c9df25f03f414a6c217671ceb5ad6159074265550655432ccff84e4de7	-	`stage2_oracle_k_first200_ul_fix`	First-200 COCO slice; `progress/benchmarks/2026-03-11_stage2_oracle_k_first200.md`; K=8, temperatures `0.2,0.5,0.8,1.0`, two seeds.	Historical result with a causal confound. Never claim the v2 gain is solely architectural; retain UL bug status and truncation counters.	Run only a matched follow-up inside comparable group `stage2_oracle_k_first200_ul_fix` with raw artifacts and declared denominators.
S2-004	07_stage2_rollout_failure_registry.md	Temperature `0.7` was the best balance in one rollout-temperature refinement, not a universal policy	historical_result	Checkpoint `ul_res_1024-v2-ckpt_300_merged`; first-200 COCO; `progress/benchmarks/2026-03-11_stage2_rollout_temperature_refinement.md`; 2 seeds per temperature.	source_coverage.tsv#progress:d36a0479cfa57ff1fd4422f4da67fcd27ed96eba23a4cfaaf8ac5de680d47084;source_coverage.tsv#progress:88e9b9c55b39481b10ee3fda7684edce4559314ee0ca73440a5ea4ec1ddd1dfa;source_coverage.tsv#progress:4edf975bda903e39b43ac1f6e3c5c7fcfde02879baac9a465a7cf7f7d95652de	-	`stage2_rollout_temperature_refine_20260311`	Checkpoint `ul_res_1024-v2-ckpt_300_merged`; first-200 COCO; `progress/benchmarks/2026-03-11_stage2_rollout_temperature_refinement.md`; 2 seeds per temperature.	Checkpoint- and protocol-specific. Re-run under current backend/evaluator before treating as a recommendation.	Run only a matched follow-up inside comparable group `stage2_rollout_temperature_refine_20260311` with raw artifacts and declared denominators.
S2-005	07_stage2_rollout_failure_registry.md	Small-object duplication is a prefix-conditioned local attractor, not merely sampling noise or a universal one-object-prefix rule	historical_result	Fixed checkpoint `pseudo_positive-ckpt_300_merged-v1`; `progress/diagnostics/2026-03-26_stage2_small_object_duplication_offline_synthesis.md`; broad harness + crowded deep-dive.	source_coverage.tsv#progress:1efabdb429732523cce5e7cafdf0177a7b5433874099042966bad673c149ce45;source_coverage.tsv#progress:499167d03ed6bce50df7b23edc10baf40a9c005001f545cc5de5162a692ffef4;source_coverage.tsv#progress:d36a0479cfa57ff1fd4422f4da67fcd27ed96eba23a4cfaaf8ac5de680d47084	-	`stage2_small_object_duplication_fixed_ckpt300`	Fixed checkpoint `pseudo_positive-ckpt_300_merged-v1`; `progress/diagnostics/2026-03-26_stage2_small_object_duplication_offline_synthesis.md`; broad harness + crowded deep-dive.	Mechanism hypothesis supported by selected diagnostics, not population validation. Next probe should use the actual duplication-onset prefix.	Run only a matched follow-up inside comparable group `stage2_small_object_duplication_fixed_ckpt300` with raw artifacts and declared denominators.
S2-006	07_stage2_rollout_failure_registry.md	The corrected `v2_bboxfix` crowded run is trustworthy only after the bbox parser fix; the earlier root is superseded	historical_result	`output/analysis/ckpt300_crowded_cuda1_v2_bboxfix/`; companion note `progress/diagnostics/2026-03-26_stage2_small_object_duplication_crowded_deep_dive.md`.	source_coverage.tsv#progress:499167d03ed6bce50df7b23edc10baf40a9c005001f545cc5de5162a692ffef4;source_coverage.tsv#progress:1efabdb429732523cce5e7cafdf0177a7b5433874099042966bad673c149ce45;source_coverage.tsv#progress:d36a0479cfa57ff1fd4422f4da67fcd27ed96eba23a4cfaaf8ac5de680d47084	-	`stage2_small_object_duplication_crowded_v2_bboxfix`	`output/analysis/ckpt300_crowded_cuda1_v2_bboxfix/`; companion note `progress/diagnostics/2026-03-26_stage2_small_object_duplication_crowded_deep_dive.md`.	Artifact-trust lesson. This is a hard prerequisite for any follow-up, not a model-quality result.	Run only a matched follow-up inside comparable group `stage2_small_object_duplication_crowded_v2_bboxfix` with raw artifacts and declared denominators.
S2-007	07_stage2_rollout_failure_registry.md	Exact duplicate, near duplicate, crowded unlabeled object, and unsupported hallucination are distinct failure classes	historical_result	Stage-2 Channel-A notes and dense-enumeration manual review; see `progress/benchmarks/2026-02-01_stage2_channel_a_infer_eval.md` and `outputs/research/qwen3-vl-dense-enumeration/.../manual-review.md`.	source_coverage.tsv#progress:68ea19c9df25f03f414a6c217671ceb5ad6159074265550655432ccff84e4de7;source_coverage.tsv#progress:4b3e70e4373e419f1530cc36f6c62cb503d69cd42233718677ac998b6570a41a;source_coverage.tsv#output:9390c0012ba1f0ba3b359b3296f118a7386eb7b0adb4b2924683ac9952631330	-	`rollout_failure_taxonomy`	Stage-2 Channel-A notes and dense-enumeration manual review; see `progress/benchmarks/2026-02-01_stage2_channel_a_infer_eval.md` and `outputs/research/qwen3-vl-dense-enumeration/.../manual-review.md`.	Reusable diagnostic taxonomy. Do not collapse all unmatched predictions into “hallucination.”	Run only a matched follow-up inside comparable group `rollout_failure_taxonomy` with raw artifacts and declared denominators.
TRAIN-001	09_training_and_runtime_lessons.md	Similar teacher-forcing loss curves are treated as evidence of similar detector quality	reusable_lesson	`progress/benchmarks/stage1_training_dynamics_4b_2026-02-26.md`; three 4B Stage-1 runs and 200-row rollout results.	source_coverage.tsv#progress:1c29e9bef049595d40a649228b615941362b306cb977d1443050d0f31fdf1924;source_coverage.tsv#progress:3d8a00d50a1e1a047e17b3ec763ac77d35156e1c86c1c791d90e76d028abdf5f;source_coverage.tsv#progress:3cd2e3bf0aa25eafa7b1a975258410034aeca8d30fb299aad9a176fc93eda1d3	-	Always pair training scalars with a small free decode. Record object count, stop/truncation, parser validity, duplicates, and AP/F1. Teacher forcing and free rollout answer different questions.	`progress/benchmarks/stage1_training_dynamics_4b_2026-02-26.md`; three 4B Stage-1 runs and 200-row rollout results.	`docs/training/METRICS.md` and `docs/eval/WORKFLOW.md`; historical metrics may use older schemas.	Reapply the reusable guard in 09_training_and_runtime_lessons.md and verify it against the current owner before execution.
TRAIN-002	09_training_and_runtime_lessons.md	A training objective change is credited for a metric delta while decode policy changed too	reusable_lesson	`progress/benchmarks/2026-05-07_stage1_2b_coord_component_rp110_ablation.md`; hard CE RP1.05 vs RP1.10.	source_coverage.tsv#progress:3d8a00d50a1e1a047e17b3ec763ac77d35156e1c86c1c791d90e76d028abdf5f;source_coverage.tsv#progress:3cd2e3bf0aa25eafa7b1a975258410034aeca8d30fb299aad9a176fc93eda1d3;source_coverage.tsv#progress:1c29e9bef049595d40a649228b615941362b306cb977d1443050d0f31fdf1924	-	Treat decode kwargs as an experimental factor. Pin temperature, top-p, repetition penalty, max tokens, stop/EOS, batch topology, and seed before attributing an objective effect.	`progress/benchmarks/2026-05-07_stage1_2b_coord_component_rp110_ablation.md`; hard CE RP1.05 vs RP1.10.	Current backend/config determines effective kwargs; old config-only knobs are stale unless receipt-backed.	Reapply the reusable guard in 09_training_and_runtime_lessons.md and verify it against the current owner before execution.
TRAIN-003	09_training_and_runtime_lessons.md	A nominal 768/1024 data preset is interpreted as a resolution ablation	reusable_lesson	`progress/stage1_coco80_eval_4b_ckpts_768_vs_1024_2026-02-26.md`.	source_coverage.tsv#progress:184ae03c30fb80e72ce36ef2ed7ed93760214dff3a1c694dfb63cd69e6cd47dc;source_coverage.tsv#progress:1700628808d4a60edc210cd670332848b5b9a69ce5473978e4ea5e90eece3094;source_coverage.tsv#progress:3d8a00d50a1e1a047e17b3ec763ac77d35156e1c86c1c791d90e76d028abdf5f	-	Check actual image dimensions and rescale manifests before interpreting a preset. The historical COCO rows used the same 640×640 images, so deltas were mostly stochasticity/batch effects.	`progress/stage1_coco80_eval_4b_ckpts_768_vs_1024_2026-02-26.md`.	Current public-data provenance and data docs; historical preset names are not enough.	Reapply the reusable guard in 09_training_and_runtime_lessons.md and verify it against the current owner before execution.
TRAIN-004	09_training_and_runtime_lessons.md	A compact/full or packed run is assumed equivalent to a JSON coordinate-token run	reusable_lesson	`progress/benchmarks/2026-07-03_coord_token_val200_benchmark.md`, especially its cross-surface caveat.	source_coverage.tsv#progress:6da69c51d288777bd3715da594d0ffb752d9f66b4e9688b6f00b39fda72cde44;source_coverage.tsv#output:e8e5292758323cd736a55dc68c5bf567ae7cd66ff313e50da31a663c8f9875e1;source_coverage.tsv#progress:3d8a00d50a1e1a047e17b3ec763ac77d35156e1c86c1c791d90e76d028abdf5f	-	Record template, wrapper, serialization, ordering, packing, coordinate surface, and max length as first-class identity. Compare only within a declared group.	`progress/benchmarks/2026-07-03_coord_token_val200_benchmark.md`, especially its cross-surface caveat.	Current training router and packing docs; revalidate surface support in the target worktree.	Reapply the reusable guard in 09_training_and_runtime_lessons.md and verify it against the current owner before execution.
TRAIN-005	09_training_and_runtime_lessons.md	A checkpoint README/model card is treated as a complete training receipt	reusable_lesson	`outputs/stage1_2b/**/checkpoint-*/README.md` and `outputs/probes/coordexp_swift/dora_roundtrip/README.md`.	source_coverage.tsv#output:2ee56921bec7af398d60c9d2e09dc2c6712c930abedda2c6df3e92632a942ffa;source_coverage.tsv#output:ceb01eec05fd9ba111bf5ee84118ac78142de76040d8b3261ce1c98b23a2e85c;source_coverage.tsv#output:ec1c32dd7391e7cc05c88268e43414944d3ce1a72fc4b46f6cbf7362286e11f5	-	Generic model cards often contain only base model, PEFT metadata, and placeholders. Require resolved config, runtime receipt, data hash, checkpoint identity, and artifact root before making a training claim.	`outputs/stage1_2b/**/checkpoint-*/README.md` and `outputs/probes/coordexp_swift/dora_roundtrip/README.md`.	Current training artifact contract; model-card READMEs remain receipt-only.	Reapply the reusable guard in 09_training_and_runtime_lessons.md and verify it against the current owner before execution.
TRAIN-006	09_training_and_runtime_lessons.md	A parser or helper correction is applied after the fact and old derived metrics remain pooled	reusable_lesson	`progress/diagnostics/2026-03-26_stage2_small_object_duplication_offline_synthesis.md`; `v2_bboxfix`.	source_coverage.tsv#progress:1efabdb429732523cce5e7cafdf0177a7b5433874099042966bad673c149ce45;source_coverage.tsv#progress:8cc693c955b721a0aa97d3e9920f559ad99b1c75c6cc32e38a749826d0919cde;source_coverage.tsv#progress:4b3e70e4373e419f1530cc36f6c62cb503d69cd42233718677ac998b6570a41a	-	A diagnostics fix creates a new trust boundary. Freeze the corrected subset, record the code/version/hash, supersede earlier derived rows, and rerun any cross-run comparison.	`progress/diagnostics/2026-03-26_stage2_small_object_duplication_offline_synthesis.md`; `v2_bboxfix`.	Current artifact/analysis owner; historical corrected roots require explicit mapping.	Reapply the reusable guard in 09_training_and_runtime_lessons.md and verify it against the current owner before execution.
TRAIN-007	09_training_and_runtime_lessons.md	A smoke passes and is promoted to a production or scientific conclusion	reusable_lesson	Painted-GT OpenSpec change and historical smoke/model-card outputs; current research units mark smoke evidence separately.	source_coverage.tsv#output:2ee56921bec7af398d60c9d2e09dc2c6712c930abedda2c6df3e92632a942ffa;source_coverage.tsv#progress:8cc693c955b721a0aa97d3e9920f559ad99b1c75c6cc32e38a749826d0919cde;source_coverage.tsv#progress:6da69c51d288777bd3715da594d0ffb752d9f66b4e9688b6f00b39fda72cde44	-	Smoke proves wiring only: config load, model setup, one forward/backward, artifact write, and parser/row binding. Promotion requires the declared gate, denominators, controls, and population scope.	Painted-GT OpenSpec change and historical smoke/model-card outputs; current research units mark smoke evidence separately.	Current smoke specs and research-unit contracts; no smoke-only architecture claim.	Reapply the reusable guard in 09_training_and_runtime_lessons.md and verify it against the current owner before execution.
TRAIN-008	09_training_and_runtime_lessons.md	Old Stage-2 `stage2_ab` knobs are copied into current experiments	reusable_lesson	`progress/benchmarks/2026-02-01_stage2_channel_a_infer_eval.md`; current `docs/training/STAGE2_RUNBOOK.md`.	source_coverage.tsv#progress:68ea19c9df25f03f414a6c217671ceb5ad6159074265550655432ccff84e4de7;source_coverage.tsv#progress:4b3e70e4373e419f1530cc36f6c62cb503d69cd42233718677ac998b6570a41a;source_coverage.tsv#progress:1c29e9bef049595d40a649228b615941362b306cb977d1443050d0f31fdf1924	-	Translate historical findings onto the current `stage2_two_channel` owner. If no translation has been executed, mark the lesson historical and do not prescribe the old knob.	`progress/benchmarks/2026-02-01_stage2_channel_a_infer_eval.md`; current `docs/training/STAGE2_RUNBOOK.md`.	`docs/training/STAGE2_RUNBOOK.md`; stale-risk is high for removed/deprecated fields.	Reapply the reusable guard in 09_training_and_runtime_lessons.md and verify it against the current owner before execution.
TRAIN-009	09_training_and_runtime_lessons.md	Adapter/export identity is omitted because a checkpoint directory name looks self-explanatory	reusable_lesson	`progress/benchmarks/2026-04-21_mixed_objective_sota_checkpoint_probe.md` and Stage-1 benchmark rows.	source_coverage.tsv#progress:8cc693c955b721a0aa97d3e9920f559ad99b1c75c6cc32e38a749826d0919cde;source_coverage.tsv#progress:406d4df46f02b3f8e65639aa1c7dd8fc1f6cee1bb7504bef55440489b8132633;source_coverage.tsv#progress:6da69c51d288777bd3715da594d0ffb752d9f66b4e9688b6f00b39fda72cde44	-	Record base model, adapter vs merged export, token embedding delta, target modules, config hash, and exact checkpoint. A path alone is not evidence.	`progress/benchmarks/2026-04-21_mixed_objective_sota_checkpoint_probe.md` and Stage-1 benchmark rows.	Current training artifact contracts; legacy remote/output roots may be pruned.	Reapply the reusable guard in 09_training_and_runtime_lessons.md and verify it against the current owner before execution.
